{http://www.sitemaps.org/schemas/sitemap/0.9}loc,{http://www.sitemaps.org/schemas/sitemap/0.9}lastmod,{http://www.sitemaps.org/schemas/sitemap/0.9}changefreq,{http://www.sitemaps.org/schemas/sitemap/0.9}priority
https://www.scnsoft.com/,2024-01-16,monthly,1
https://www.scnsoft.com/about/careers,2023-08-08,yearly,0.8
https://www.scnsoft.com/services/office-365/migration/calculator,2023-12-06,monthly,0.8
https://www.scnsoft.com/contacts/upload-your-cv,2023-03-10,yearly,0.8
https://www.scnsoft.com/management-team,2023-12-19,yearly,0.8
https://www.scnsoft.com/qt-development,2024-01-12,weekly,0.8
https://www.scnsoft.com/services/software-development,2024-01-19,weekly,0.8
https://www.scnsoft.com/services/software-consulting,2024-01-16,weekly,0.8
https://www.scnsoft.com/services/software-development/custom,2024-01-19,weekly,0.8
https://www.scnsoft.com/services/salesforce,2024-01-12,monthly,0.8
https://www.scnsoft.com/services/salesforce/implementation,2024-01-12,monthly,0.8
https://www.scnsoft.com/services/software-development-outsourcing,2024-01-16,weekly,0.8
https://www.scnsoft.com/services/salesforce/consulting,2024-01-12,monthly,0.8
https://www.scnsoft.com/services/software-product-development,2024-01-19,weekly,0.8
https://www.scnsoft.com/services/salesforce/customization,2024-01-12,monthly,0.8
https://www.scnsoft.com/services/salesforce/app-development,2024-01-12,monthly,0.8
https://www.scnsoft.com/servicenow/services/managed,2023-12-13,monthly,0.8
https://www.scnsoft.com/services/salesforce/integration,2024-01-12,monthly,0.8
https://www.scnsoft.com/services/salesforce/managed,2024-01-08,monthly,0.8
https://www.scnsoft.com/services/salesforce/support,2024-01-08,monthly,0.8
https://www.scnsoft.com/services/software-development/saas,2024-01-16,weekly,0.8
https://www.scnsoft.com/technologies,2023-10-02,weekly,0.8
https://www.scnsoft.com/salesforce/sales-cloud,2023-05-31,monthly,0.8
https://www.scnsoft.com/salesforce/service-cloud,2023-08-09,monthly,0.8
https://www.scnsoft.com/salesforce/marketing-cloud,2023-07-28,monthly,0.8
https://www.scnsoft.com/services/java-development,2024-01-09,weekly,0.8
https://www.scnsoft.com/services/.net-development,2024-01-15,weekly,0.8
https://www.scnsoft.com/services/php,2024-01-09,weekly,0.8
https://www.scnsoft.com/software-testing/services/data-qa,2023-11-02,weekly,0.8
https://www.scnsoft.com/sharepoint-office-365,2023-12-04,monthly,0.8
https://www.scnsoft.com/services/sharepoint,2023-11-28,monthly,0.8
https://www.scnsoft.com/services/sharepoint-consulting,2024-01-12,monthly,0.8
https://www.scnsoft.com/it-support/help-desk/msp,2023-11-27,weekly,0.8
https://www.scnsoft.com/services/sharepoint/development,2023-11-28,monthly,0.8
https://www.scnsoft.com/services/sharepoint/migration,2023-11-28,monthly,0.8
https://www.scnsoft.com/services/sharepoint/support,2023-11-28,monthly,0.8
https://www.scnsoft.com/services/sharepoint/integration,2023-11-28,monthly,0.8
https://www.scnsoft.com/services/sharepoint/health-check,2023-11-28,monthly,0.8
https://www.scnsoft.com/services/sharepoint/managed,2023-11-28,monthly,0.8
https://www.scnsoft.com/services/sharepoint/solutions,2023-11-28,monthly,0.8
https://www.scnsoft.com/services/sharepoint/intranets,2023-11-28,monthly,0.8
https://www.scnsoft.com/services/sharepoint/intranets/business,2023-11-28,monthly,0.8
https://www.scnsoft.com/services/sharepoint/intranets/social,2023-11-28,monthly,0.8
https://www.scnsoft.com/services/sharepoint/portals,2023-11-28,monthly,0.8
https://www.scnsoft.com/services/sharepoint/contract-management,2023-11-28,monthly,0.8
https://www.scnsoft.com/services/sharepoint/knowledge-management,2023-11-28,monthly,0.8
https://www.scnsoft.com/services/sharepoint/knowledge-management/framework,2023-03-24,monthly,0.8
https://www.scnsoft.com/services/sharepoint/learning-management,2023-11-24,monthly,0.8
https://www.scnsoft.com/services/sharepoint/ticketing,2023-12-12,monthly,0.8
https://www.scnsoft.com/services/sharepoint/add-ins,2023-11-28,monthly,0.8
https://www.scnsoft.com/services/sharepoint/add-ins/inoffice-cakes-candles,2023-10-16,monthly,0.8
https://www.scnsoft.com/services/sharepoint/add-ins/office-compass,2023-03-27,monthly,0.8
https://www.scnsoft.com/services/sharepoint/add-ins/weather-vibes,2023-10-18,monthly,0.8
https://www.scnsoft.com/services/sharepoint/add-ins/news-trap,2023-10-18,monthly,0.8
https://www.scnsoft.com/services/sharepoint/add-ins/smart-image-uploader,2023-10-18,monthly,0.8
https://www.scnsoft.com/services/sharepoint/add-ins/map-contacts,2023-10-18,monthly,0.8
https://www.scnsoft.com/services/sharepoint/add-ins/workflow-manager,2023-10-18,monthly,0.8
https://www.scnsoft.com/services/sharepoint/add-ins/rates-description,2023-10-18,monthly,0.8
https://www.scnsoft.com/services/sharepoint/add-ins/corporate-discounts,2023-10-16,monthly,0.8
https://www.scnsoft.com/services/sharepoint/add-ins/ideas-sharing,2023-10-16,monthly,0.8
https://www.scnsoft.com/services/office-365,2023-11-28,monthly,0.8
https://www.scnsoft.com/services/office-365/migration,2023-11-28,monthly,0.8
https://www.scnsoft.com/services/office-365/managed,2023-11-28,monthly,0.8
https://www.scnsoft.com/services/business-intelligence/microsoft,2023-12-29,weekly,0.8
https://www.scnsoft.com/servicenow/services/support,2023-12-13,monthly,0.8
https://www.scnsoft.com/services/cpp-development,2024-01-12,weekly,0.8
https://www.scnsoft.com/about/careers/software-development,2023-06-19,yearly,0.8
https://www.scnsoft.com/about/careers/senior-android-developer,2023-03-10,yearly,0.8
https://www.scnsoft.com/about/careers/project-manager,2023-03-10,yearly,0.8
https://www.scnsoft.com/about/careers/salesforce-developer,2023-03-10,yearly,0.8
https://www.scnsoft.com/about/careers/mac-os-developer,2023-03-10,yearly,0.8
https://www.scnsoft.com/about/careers/xamarin-developer,2023-03-10,yearly,0.8
https://www.scnsoft.com/about/careers/full-stack-developer,2023-03-10,yearly,0.8
https://www.scnsoft.com/about/careers/data-solutions-architect,2023-03-10,yearly,0.8
https://www.scnsoft.com/about/careers/senior-dynamics-crm-developer,2023-03-10,yearly,0.8
https://www.scnsoft.com/about/careers/middle-senior-c-developer,2023-03-10,yearly,0.8
https://www.scnsoft.com/about/careers/net-wpf-senior-developer,2023-10-23,yearly,0.8
https://www.scnsoft.com/about/careers/middle-senior-ios-developer,2023-03-10,yearly,0.8
https://www.scnsoft.com/about/careers/javascript-developer,2023-03-10,yearly,0.8
https://www.scnsoft.com/about/careers/magento-2-back-end-developer,2023-03-10,yearly,0.8
https://www.scnsoft.com/about/careers/magento-2-front-end-developer,2023-03-10,yearly,0.8
https://www.scnsoft.com/about/careers/php-developer-symfony-4,2023-03-10,yearly,0.8
https://www.scnsoft.com/about/careers/senior-java-developer,2023-03-10,yearly,0.8
https://www.scnsoft.com/about/careers/javascript-node.js-developer,2023-03-10,yearly,0.8
https://www.scnsoft.com/about/careers/senior-python-developer-flask,2023-03-10,yearly,0.8
https://www.scnsoft.com/about/careers/senior-servicenow-developer,2023-03-10,yearly,0.8
https://www.scnsoft.com/about/careers/siem-consultant,2023-04-06,yearly,0.8
https://www.scnsoft.com/about/careers/testing,2023-03-10,yearly,0.8
https://www.scnsoft.com/about/careers/senior-test-automation-engineer,2023-03-10,yearly,0.8
https://www.scnsoft.com/about/careers/software-testing-engineer,2023-03-10,yearly,0.8
https://www.scnsoft.com/about/careers/performance-test-engineer,2023-03-10,yearly,0.8
https://www.scnsoft.com/about/careers/ict,2023-03-10,yearly,0.8
https://www.scnsoft.com/about/careers/linux-devops,2023-03-10,yearly,0.8
https://www.scnsoft.com/about/careers/business-analysis,2023-03-10,yearly,0.8
https://www.scnsoft.com/about/careers/middle-business-analyst,2023-03-10,yearly,0.8
https://www.scnsoft.com/about/careers/marketing-and-sales,2023-03-10,yearly,0.8
https://www.scnsoft.com/about/careers/copywriter,2023-06-06,yearly,0.8
https://www.scnsoft.com/about/careers/marketing-analysis-manager,2023-03-10,yearly,0.8
https://www.scnsoft.com/services/security/siem/qlean,2023-09-08,weekly,0.8
https://www.scnsoft.com/mobile-design,2023-12-25,weekly,0.8
https://www.scnsoft.com/services/iot,2023-12-29,monthly,0.8
https://www.scnsoft.com/about/careers/middle-frontend-developer,2023-03-10,yearly,0.8
https://www.scnsoft.com/servicenow/itom,2023-12-13,monthly,0.8
https://www.scnsoft.com/servicenow/itbm,2023-12-13,monthly,0.8
https://www.scnsoft.com/servicenow/itsm,2023-09-08,monthly,0.8
https://www.scnsoft.com/about/careers/senior-python-developer,2023-04-07,yearly,0.8
https://www.scnsoft.com/microsoft-dynamics-365/crm,2023-11-30,monthly,0.8
https://www.scnsoft.com/microsoft-dynamics-365/customer-service,2023-11-30,monthly,0.8
https://www.scnsoft.com/microsoft-dynamics-365/marketing,2023-11-30,monthly,0.8
https://www.scnsoft.com/services/crm/microsoft-dynamics,2024-01-12,weekly,0.8
https://www.scnsoft.com/services/crm/microsoft-dynamics/consulting,2024-01-12,weekly,0.8
https://www.scnsoft.com/services/crm/microsoft-dynamics/customization,2023-12-22,weekly,0.8
https://www.scnsoft.com/services/crm/microsoft-dynamics/demo,2021-09-25,monthly,0.8
https://www.scnsoft.com/services/crm/microsoft-dynamics/add-ons/emailscoop-tracker,2023-07-22,weekly,0.8
https://www.scnsoft.com/services/crm/microsoft-dynamics/add-ons/n-to-n-grid,2023-09-08,weekly,0.8
https://www.scnsoft.com/services/crm/microsoft-dynamics/add-ons/bi-solution,2023-03-27,weekly,0.8
https://www.scnsoft.com/services/crm/consulting,2024-01-08,weekly,0.8
https://www.scnsoft.com/services/crm/custom-solutions,2024-01-08,weekly,0.8
https://www.scnsoft.com/services/analytics,2024-01-12,weekly,0.8
https://www.scnsoft.com/services/crm/testing,2024-01-08,weekly,0.8
https://www.scnsoft.com/services/analytics/consulting,2023-12-15,weekly,0.8
https://www.scnsoft.com/services/data-analysis,2024-01-04,weekly,0.8
https://www.scnsoft.com/services/customer-communication-management,2023-09-08,weekly,0.8
https://www.scnsoft.com/services/data-science,2024-01-12,weekly,0.8
https://www.scnsoft.com/services/big-data,2023-12-04,weekly,0.8
https://www.scnsoft.com/services/business-intelligence,2024-01-12,weekly,0.8
https://www.scnsoft.com/services/data-visualization,2024-01-04,weekly,0.8
https://www.scnsoft.com/services/data-management,2024-01-12,weekly,0.8
https://www.scnsoft.com/services/big-data/consulting,2024-01-18,weekly,0.8
https://www.scnsoft.com/services/big-data/hadoop,2023-12-26,weekly,0.8
https://www.scnsoft.com/services/big-data/spark,2023-10-20,weekly,0.8
https://www.scnsoft.com/services/big-data/cassandra,2023-11-11,weekly,0.8
https://www.scnsoft.com/services/business-intelligence/consulting,2024-01-12,weekly,0.8
https://www.scnsoft.com/analytics/business-intelligence/implementation/services,2024-01-04,weekly,0.8
https://www.scnsoft.com/services/business-intelligence/data-warehouse,2024-01-12,weekly,0.8
https://www.scnsoft.com/services/business-intelligence/demo,2021-10-05,weekly,0.8
https://www.scnsoft.com/services/data-science/machine-learning,2024-01-12,weekly,0.8
https://www.scnsoft.com/servicenow/demo,2023-05-30,monthly,0.8
https://www.scnsoft.com/services/security/siem/ibm-qradar/custom-dsm,2023-03-10,weekly,0.8
https://www.scnsoft.com/servicenow/services/development,2023-12-13,monthly,0.8
https://www.scnsoft.com/services/salesforce/demo,2023-05-31,monthly,0.8
https://www.scnsoft.com/it-support/help-desk/outsourcing,2024-01-12,weekly,0.8
https://www.scnsoft.com/services/application,2023-12-25,weekly,0.8
https://www.scnsoft.com/services/application/development,2024-01-12,weekly,0.8
https://www.scnsoft.com/services/application/modernization,2023-12-13,weekly,0.8
https://www.scnsoft.com/services/application/management,2023-12-26,weekly,0.8
https://www.scnsoft.com/services/application/integration,2024-01-16,weekly,0.8
https://www.scnsoft.com/services/application-maintenance-and-support,2024-01-16,weekly,0.8
https://www.scnsoft.com/services/application/testing,2023-12-26,weekly,0.8
https://www.scnsoft.com/services/web-development,2024-01-16,weekly,0.8
https://www.scnsoft.com/services/web-application-development,2024-01-12,weekly,0.8
https://www.scnsoft.com/services/website-redesign,2023-12-26,weekly,0.8
https://www.scnsoft.com/pimcore-development,2023-07-10,weekly,0.8
https://www.scnsoft.com/services/mobile-app-development,2024-01-16,weekly,0.8
https://www.scnsoft.com/services/mobile-app-development/consulting,2023-12-25,weekly,0.8
https://www.scnsoft.com/services/mobile-app-development/ios,2023-12-25,weekly,0.8
https://www.scnsoft.com/services/mobile-app-development/xamarin,2023-12-25,weekly,0.8
https://www.scnsoft.com/services/augmented-reality-development,2023-12-29,weekly,0.8
https://www.scnsoft.com/services/it-consulting,2024-01-18,weekly,0.8
https://www.scnsoft.com/digital-transformation/consulting-services,2024-01-19,weekly,0.8
https://www.scnsoft.com/services/itsm,2024-01-12,weekly,0.8
https://www.scnsoft.com/services/managed-it,2024-01-16,weekly,0.8
https://www.scnsoft.com/services/managed/application,2023-11-23,weekly,0.8
https://www.scnsoft.com/services/managed-it/support,2023-11-23,weekly,0.8
https://www.scnsoft.com/services/managed/infrastructure,2023-12-24,weekly,0.8
https://www.scnsoft.com/services/managed/security,2024-01-12,weekly,0.8
https://www.scnsoft.com/aws/managed-services,2023-08-30,monthly,0.8
https://www.scnsoft.com/services/managed/infrastructure/azure,2024-01-17,weekly,0.8
https://www.scnsoft.com/services/it-infrastructure,2023-12-24,weekly,0.8
https://www.scnsoft.com/services/it-infrastructure/management,2023-11-23,weekly,0.8
https://www.scnsoft.com/services/devops-consulting,2023-12-15,weekly,0.8
https://www.scnsoft.com/services/sharepoint/intranets/demo,2021-09-30,monthly,0.8
https://www.scnsoft.com/services/salesforce/demo-customer-profile,2023-02-21,monthly,0.8
https://www.scnsoft.com/services/salesforce/demo-marketing-campaign,2023-02-21,monthly,0.8
https://www.scnsoft.com/services/sharepoint/document-management/demo,2023-09-08,monthly,0.8
https://www.scnsoft.com/services/security/siem/qlean/demo,2021-06-24,weekly,0.8
https://www.scnsoft.com/services/web-portals/b2b/ecommerce-portal-demo,2023-05-31,weekly,0.8
https://www.scnsoft.com/services/web-portals/b2b/vendor-demo,2023-05-31,weekly,0.8
https://www.scnsoft.com/services/salesforce/demo-lead-management,2023-02-21,monthly,0.8
https://www.scnsoft.com/services/salesforce/demo-opportunity-management,2023-02-22,monthly,0.8
https://www.scnsoft.com/services/desktop-application-development,2024-01-12,weekly,0.8
https://www.scnsoft.com/services/database-development,2023-09-19,weekly,0.8
https://www.scnsoft.com/servicenow/services,2024-01-16,monthly,0.8
https://www.scnsoft.com/servicenow/secops,2024-01-16,monthly,0.8
https://www.scnsoft.com/servicenow/csm,2024-01-16,monthly,0.8
https://www.scnsoft.com/servicenow/hr,2024-01-16,monthly,0.8
https://www.scnsoft.com/servicenow/services/consulting,2023-12-13,monthly,0.8
https://www.scnsoft.com/servicenow/services/implementation,2023-12-13,monthly,0.8
https://www.scnsoft.com/servicenow/services/migration,2024-01-16,monthly,0.8
https://www.scnsoft.com/services/dedicated-development-teams,2024-01-03,weekly,0.8
https://www.scnsoft.com/services/security/penetration-testing,2024-01-12,weekly,0.8
https://www.scnsoft.com/services/ui-design,2023-11-29,weekly,0.8
https://www.scnsoft.com/services/business-intelligence/data-warehouse/dwaas,2023-11-22,weekly,0.8
https://www.scnsoft.com/services/saas-ui-design,2023-11-29,weekly,0.8
https://www.scnsoft.com/services/sharepoint/portals/hr-demo,2022-03-22,monthly,0.8
https://www.scnsoft.com/services/php/case-studies,2023-03-10,weekly,0.8
https://www.scnsoft.com/services/java-development/case-studies,2023-06-01,weekly,0.8
https://www.scnsoft.com/office-365,2023-11-28,monthly,0.8
https://www.scnsoft.com/services/ux-design,2024-01-17,weekly,0.8
https://www.scnsoft.com/web-portal-development,2023-11-29,weekly,0.8
https://www.scnsoft.com/services/web-portals/b2b,2023-12-26,weekly,0.8
https://www.scnsoft.com/services/web-portals/vendor,2023-11-29,weekly,0.8
https://www.scnsoft.com/services/web-portals/customer,2023-11-29,weekly,0.8
https://www.scnsoft.com/services/web-design,2023-11-29,weekly,0.8
https://www.scnsoft.com/image-analysis,2024-01-12,monthly,0.8
https://www.scnsoft.com/services/image-analysis/machine-vision,2023-12-15,monthly,0.8
https://www.scnsoft.com/services/image-analysis/automated-visual-inspection,2023-12-15,monthly,0.8
https://www.scnsoft.com/services/security,2024-01-12,weekly,0.8
https://www.scnsoft.com/banking,2024-01-12,weekly,0.8
https://www.scnsoft.com/financial-software-development,2024-01-12,weekly,0.8
https://www.scnsoft.com/services/security/consulting,2024-01-12,weekly,0.8
https://www.scnsoft.com/services/web-design/responsive,2023-11-29,weekly,0.8
https://www.scnsoft.com/banking/mobile-app-development,2023-12-29,weekly,0.8
https://www.scnsoft.com/services/security/testing,2024-01-12,weekly,0.8
https://www.scnsoft.com/services/security/siem,2023-11-23,weekly,0.8
https://www.scnsoft.com/services/security/identity-and-access-management,2023-03-10,weekly,0.8
https://www.scnsoft.com/banking/fraud-protection,2023-07-19,weekly,0.8
https://www.scnsoft.com/services/security/vulnerability-assessment,2024-01-12,weekly,0.8
https://www.scnsoft.com/retail,2023-12-22,weekly,0.8
https://www.scnsoft.com/retail/software-development,2023-12-01,weekly,0.8
https://www.scnsoft.com/retail/crm,2023-11-14,weekly,0.8
https://www.scnsoft.com/services/security/siem/ibm-qradar,2024-01-08,weekly,0.8
https://www.scnsoft.com/retail/marketing-software,2023-11-28,weekly,0.8
https://www.scnsoft.com/telecommunications,2023-12-18,weekly,0.8
https://www.scnsoft.com/services/security/siem/sciencesoft-siem,2023-07-10,weekly,0.8
https://www.scnsoft.com/about/partnerships,2023-12-22,yearly,0.8
https://www.scnsoft.com/services/security/siem/apt-protection,2023-11-01,weekly,0.8
https://www.scnsoft.com/services/security/siem/atm-protection,2023-10-11,weekly,0.8
https://www.scnsoft.com/about/partnerships/microsoft/sharepoint,2023-06-01,yearly,0.8
https://www.scnsoft.com/services/security/siem/downloads,2023-10-16,weekly,0.8
https://www.scnsoft.com/about/partnerships/microsoft/dynamics-365,2023-11-01,yearly,0.8
https://www.scnsoft.com/about/partnerships/microsoft/power-bi,2023-05-31,yearly,0.8
https://www.scnsoft.com/services/web-design/responsive-web,2023-11-29,weekly,0.8
https://www.scnsoft.com/services/security/siem/qlean/metrics-description,2020-10-21,weekly,0.8
https://www.scnsoft.com/services/security/siem/qlean/legal,2023-03-10,weekly,0.8
https://www.scnsoft.com/services/security/siem/qlean/support-newsletter,2023-03-10,weekly,0.8
https://www.scnsoft.com/about/partnerships/servicenow,2023-06-01,yearly,0.8
https://www.scnsoft.com/about/partnerships/pimcore,2023-12-22,yearly,0.8
https://www.scnsoft.com/about/referral-program,2024-01-12,yearly,0.8
https://www.scnsoft.com/about/sustainability,2023-10-17,yearly,0.8
https://www.scnsoft.com/how-we-work/delivery-models,2023-11-24,yearly,0.8
https://www.scnsoft.com/about/social-responsibility,2020-10-21,yearly,0.8
https://www.scnsoft.com/about/climate-protection,2020-10-21,yearly,0.8
https://www.scnsoft.com/agile-development,2023-11-24,yearly,0.8
https://www.scnsoft.com/how-we-work/whitepapers,2023-11-24,yearly,0.8
https://www.scnsoft.com/how-we-work/whitepapers/unofficial-qradar-log-source-extension-lsx-and-threat-cases-for-microsoft-dynamics-crm-2011,2023-11-09,yearly,0.8
https://www.scnsoft.com/how-we-work/whitepapers/ibm-security-qradar-installation-guide-for-hyper-v,2023-11-09,yearly,0.8
https://www.scnsoft.com/about/how-we-work/whitepapers/improving-operability-performance-of-siem-solutions-the-case-of-health-check-framework-for-ibm-security-qradar-siem,2023-11-09,yearly,0.8
https://www.scnsoft.com/how-we-work/whitepapers/unofficial-qradar-log-source-extension-and-threat-cases-for-kerio-control-unified-threat-management,2023-11-09,yearly,0.8
https://www.scnsoft.com/services/it-staff-augmentation,2024-01-12,weekly,0.8
https://www.scnsoft.com/services/iot/consulting,2024-01-12,monthly,0.8
https://www.scnsoft.com/services/business-intelligence/microsoft/power-bi/support,2023-05-19,weekly,0.8
https://www.scnsoft.com/services/iot/development,2024-01-12,monthly,0.8
https://www.scnsoft.com/services/iot/analytics,2023-11-23,monthly,0.8
https://www.scnsoft.com/services/iot/solutions,2023-12-04,monthly,0.8
https://www.scnsoft.com/about/scholarship,2021-09-27,yearly,0.8
https://www.scnsoft.com/services/iot/industrial,2023-07-28,monthly,0.8
https://www.scnsoft.com/services/iot/medical,2024-01-12,monthly,0.8
https://www.scnsoft.com/services/iot/smart-cities,2023-06-01,monthly,0.8
https://www.scnsoft.com/services/iot/smart-connected-products,2023-05-23,monthly,0.8
https://www.scnsoft.com/services/feasibility-analysis,2023-06-26,weekly,0.8
https://www.scnsoft.com/contact-us,2023-10-23,monthly,0.8
https://www.scnsoft.com/services/it-consulting/crisis-management,2024-01-12,weekly,0.8
https://www.scnsoft.com/services/security/remote-work,2023-07-19,weekly,0.8
https://www.scnsoft.com/services/it-consulting/remote-work,2023-12-26,weekly,0.8
https://www.scnsoft.com/salesforce/service-cloud/demo,2023-02-22,monthly,0.8
https://www.scnsoft.com/microsoft-dynamics-365/sales,2023-12-04,monthly,0.8
https://www.scnsoft.com/services/security/siem/qwad-wincollect,2023-03-10,weekly,0.8
https://www.scnsoft.com/services/java-development-outsourcing,2023-11-23,weekly,0.8
https://www.scnsoft.com/services/php-development-outsourcing,2024-01-09,weekly,0.8
https://www.scnsoft.com/services/research-and-development,2023-04-02,weekly,0.8
https://www.scnsoft.com/fleet-management,2023-12-11,weekly,0.8
https://www.scnsoft.com/fleet-management/vehicle-tracking,2023-09-06,weekly,0.8
https://www.scnsoft.com/services/cloud-application-development,2024-01-12,weekly,0.8
https://www.scnsoft.com/software-development/feasibility-study,2024-01-09,weekly,0.8
https://www.scnsoft.com/fleet-management/accident-and-claim,2023-03-10,weekly,0.8
https://www.scnsoft.com/fleet-management/route-optimization,2023-03-10,weekly,0.8
https://www.scnsoft.com/fleet-management/maintenance,2023-03-10,weekly,0.8
https://www.scnsoft.com/services/iot/retail,2023-12-29,monthly,0.8
https://www.scnsoft.com/services/embedded-development,2023-06-01,weekly,0.8
https://www.scnsoft.com/services/web-development/consulting,2023-11-29,weekly,0.8
https://www.scnsoft.com/services/database-development/oracle,2023-06-01,weekly,0.8
https://www.scnsoft.com/about/careers/senior-business-analyst,2023-03-10,yearly,0.8
https://www.scnsoft.com/services/security/siem/qin,2023-03-10,weekly,0.8
https://www.scnsoft.com/office-365/teams,2023-12-04,monthly,0.8
https://www.scnsoft.com/services/security/siem/linux-mitre-attack-rules,2023-06-26,weekly,0.8
https://www.scnsoft.com/services/business-intelligence/microsoft/power-bi/consulting,2023-05-19,weekly,0.8
https://www.scnsoft.com/services/software-development/api,2024-01-12,weekly,0.8
https://www.scnsoft.com/cloud,2023-12-04,weekly,0.8
https://www.scnsoft.com/services/enterprise-software-solutions,2024-01-12,weekly,0.8
https://www.scnsoft.com/application-service-providers,2024-01-15,yearly,0.8
https://www.scnsoft.com/independent-software-vendors,2024-01-15,yearly,0.8
https://www.scnsoft.com/end-users-enterprises-and-individuals,2024-01-15,yearly,0.8
https://www.scnsoft.com/transportation-and-logistics,2023-12-18,weekly,0.8
https://www.scnsoft.com/fleet-management/dispatch-management,2023-03-10,weekly,0.8
https://www.scnsoft.com/services/mobile-app-development/android,2024-01-04,weekly,0.8
https://www.scnsoft.com/services/saas/consulting,2024-01-12,weekly,0.8
https://www.scnsoft.com/about/careers/big-data-engineer,2023-04-07,yearly,0.8
https://www.scnsoft.com/about/careers/copywriting-team-lead,2023-05-18,yearly,0.8
https://www.scnsoft.com/about/careers/devops-specialist,2023-03-10,yearly,0.8
https://www.scnsoft.com/services/analytics/data-analytics-as-a-service,2023-11-21,weekly,0.8
https://www.scnsoft.com/services/software-development/startups,2024-01-12,weekly,0.8
https://www.scnsoft.com/aws/cloud-consulting,2023-11-22,monthly,0.8
https://www.scnsoft.com/cloud/azure/consulting,2023-10-02,weekly,0.8
https://www.scnsoft.com/about/testimonials,2024-01-10,yearly,0.8
https://www.scnsoft.com/about/locations,2023-11-04,yearly,0.8
https://www.scnsoft.com/services/it-outsourcing,2024-01-16,weekly,0.8
https://www.scnsoft.com/services/hire-python-developers,2024-01-12,weekly,0.8
https://www.scnsoft.com/services/customer-service-consulting,2024-01-08,weekly,0.8
https://www.scnsoft.com/analytics/data-warehouse/enterprise,2024-01-10,weekly,0.8
https://www.scnsoft.com/microsoft-dynamics-365,2023-12-29,monthly,0.8
https://www.scnsoft.com/services/crm,2024-01-12,weekly,0.8
https://www.scnsoft.com/services/marketing-automation,2024-01-08,weekly,0.8
https://www.scnsoft.com/analytics/data-warehouse/cloud,2024-01-12,weekly,0.8
https://www.scnsoft.com/services/cloud-migration,2023-10-27,weekly,0.8
https://www.scnsoft.com/elearning/lms/custom,2023-11-17,weekly,0.8
https://www.scnsoft.com/software-development/custom/cms,2023-11-29,weekly,0.8
https://www.scnsoft.com/it-support/help-desk,2024-01-10,weekly,0.8
https://www.scnsoft.com/services/it-support/outsourcing,2023-12-12,weekly,0.8
https://www.scnsoft.com/it-support/outsourced-tech-support,2023-11-01,weekly,0.8
https://www.scnsoft.com/it-support/help-desk/white-label,2023-11-27,weekly,0.8
https://www.scnsoft.com/it-support/noc,2023-08-30,weekly,0.8
https://www.scnsoft.com/services/web-portals/b2b/customer-demo,2023-05-31,weekly,0.8
https://www.scnsoft.com/software-development/saas/human-resources,2023-12-24,weekly,0.8
https://www.scnsoft.com/services/analytics/managed,2024-01-04,weekly,0.8
https://www.scnsoft.com/services/virtual-cio,2023-06-01,weekly,0.8
https://www.scnsoft.com/services/it-consulting/project-management,2023-11-29,weekly,0.8
https://www.scnsoft.com/it-support,2023-11-30,weekly,0.8
https://www.scnsoft.com/manufacturing,2023-12-18,weekly,0.8
https://www.scnsoft.com/about/awards,2024-01-12,yearly,0.8
https://www.scnsoft.com/software-development/databases/employee,2023-11-28,weekly,0.8
https://www.scnsoft.com/aws/amazon-redshift,2023-10-13,monthly,0.8
https://www.scnsoft.com/analytics/data-warehouse/azure-synapse-analytics,2023-10-31,weekly,0.8
https://www.scnsoft.com/services/software-development/erp,2024-01-08,weekly,0.8
https://www.scnsoft.com/services/software-development/team-configuration,2023-10-18,weekly,0.8
https://www.scnsoft.com/services/software-development/hr,2023-12-26,weekly,0.8
https://www.scnsoft.com/about/terms-of-use,2023-11-09,yearly,0.8
https://www.scnsoft.com/services/software-development/saas/enhancement,2024-01-09,weekly,0.8
https://www.scnsoft.com/services/business-intelligence/solutions,2024-01-10,weekly,0.8
https://www.scnsoft.com/virtual-reality/development,2024-01-12,monthly,0.8
https://www.scnsoft.com/services/business-intelligence/microsoft/power-bi,2023-12-26,weekly,0.8
https://www.scnsoft.com/professional-services,2023-12-18,weekly,0.8
https://www.scnsoft.com/services/it-infrastructure/support,2024-01-09,weekly,0.8
https://www.scnsoft.com/about/careers/senior-siem-consultant,2023-03-10,yearly,0.8
https://www.scnsoft.com/about/careers/senior-sales-manager,2023-03-10,yearly,0.8
https://www.scnsoft.com/software-development/large-scale,2023-12-27,weekly,0.8
https://www.scnsoft.com/microsoft-azure,2023-10-13,weekly,0.8
https://www.scnsoft.com/insurance,2024-01-15,weekly,0.8
https://www.scnsoft.com/services/crm/implementation,2024-01-08,weekly,0.8
https://www.scnsoft.com/virtual-reality/shopping,2024-01-10,monthly,0.8
https://www.scnsoft.com/software-development/databases/real-estate,2023-07-10,weekly,0.8
https://www.scnsoft.com/virtual-reality,2024-01-12,monthly,0.8
https://www.scnsoft.com/software-development/mean-stack,2023-11-23,weekly,0.8
https://www.scnsoft.com/software-development/databases/image,2023-09-08,weekly,0.8
https://www.scnsoft.com/services/agile-consulting,2024-01-09,weekly,0.8
https://www.scnsoft.com/virtual-reality/showroom,2023-09-08,monthly,0.8
https://www.scnsoft.com/services/golang,2024-01-12,weekly,0.8
https://www.scnsoft.com/virtual-reality/training,2024-01-12,monthly,0.8
https://www.scnsoft.com/virtual-reality/prototyping,2024-01-12,monthly,0.8
https://www.scnsoft.com/education/lms/consulting,2023-11-28,weekly,0.8
https://www.scnsoft.com/software-development/blockchain,2024-01-04,monthly,0.8
https://www.scnsoft.com/scm/inventory-database,2024-01-19,weekly,0.8
https://www.scnsoft.com/aws/overview,2023-10-13,monthly,0.8
https://www.scnsoft.com/services/it-infrastructure/management/cloud,2023-10-31,weekly,0.8
https://www.scnsoft.com/microsoft-dynamics-365/customer-service/demo,2021-09-25,monthly,0.8
https://www.scnsoft.com/microsoft-dynamics-365/customer-service/help-desk,2023-12-04,monthly,0.8
https://www.scnsoft.com/education/learning-experience-platform,2023-09-13,weekly,0.8
https://www.scnsoft.com/siem/ibm-qradar/tools,2023-10-19,weekly,0.8
https://www.scnsoft.com/virtual-reality/automotive,2023-11-30,monthly,0.8
https://www.scnsoft.com/education/elearning/portals,2023-11-28,weekly,0.8
https://www.scnsoft.com/web-portals/employee-self-service,2023-11-29,weekly,0.8
https://www.scnsoft.com/crm/customer-service-software,2024-01-10,weekly,0.8
https://www.scnsoft.com/services/business-intelligence/data-warehouse/consulting,2023-12-04,weekly,0.8
https://www.scnsoft.com/web-portals/service,2023-11-29,weekly,0.8
https://www.scnsoft.com/analytics/business-intelligence/implementation,2024-01-04,weekly,0.8
https://www.scnsoft.com/ecommerce,2024-01-16,monthly,0.8
https://www.scnsoft.com/ecommerce/about,2023-05-31,yearly,0.8
https://www.scnsoft.com/ecommerce/experts,2023-11-09,yearly,0.8
https://www.scnsoft.com/ecommerce/services,2023-11-29,monthly,0.8
https://www.scnsoft.com/ecommerce/food,2023-06-01,weekly,0.8
https://www.scnsoft.com/ecommerce/services/audit,2023-12-26,monthly,0.8
https://www.scnsoft.com/ecommerce/platforms/b2b,2023-06-19,monthly,0.8
https://www.scnsoft.com/ecommerce/marketplace-software,2023-09-05,monthly,0.8
https://www.scnsoft.com/ecommerce/demo,2023-06-01,weekly,0.8
https://www.scnsoft.com/ecommerce/platforms,2024-01-10,monthly,0.8
https://www.scnsoft.com/ecommerce/portals,2023-09-08,weekly,0.8
https://www.scnsoft.com/ecommerce/services/implementation,2024-01-10,monthly,0.8
https://www.scnsoft.com/ecommerce/services/development,2023-12-24,monthly,0.8
https://www.scnsoft.com/ecommerce/services/consulting,2023-11-29,monthly,0.8
https://www.scnsoft.com/ecommerce/services/development/custom,2023-11-29,monthly,0.8
https://www.scnsoft.com/ecommerce/services/testing,2023-11-29,monthly,0.8
https://www.scnsoft.com/ecommerce/saas,2023-10-13,monthly,0.8
https://www.scnsoft.com/ecommerce/services/testing/performance,2023-11-29,monthly,0.8
https://www.scnsoft.com/ecommerce/start-ecommerce-business,2023-09-08,monthly,0.8
https://www.scnsoft.com/ecommerce/multi-store,2023-11-29,weekly,0.8
https://www.scnsoft.com/ecommerce/services/consulting/customer-experience,2024-01-12,monthly,0.8
https://www.scnsoft.com/ecommerce/build-an-online-marketplace,2023-10-02,monthly,0.8
https://www.scnsoft.com/ecommerce/selling-food-online,2023-09-08,weekly,0.8
https://www.scnsoft.com/ecommerce/magento,2023-08-03,monthly,0.8
https://www.scnsoft.com/ecommerce/magento/services,2024-01-12,monthly,0.8
https://www.scnsoft.com/ecommerce/magento/services/managed,2023-11-29,monthly,0.8
https://www.scnsoft.com/ecommerce/magento/services/design,2023-11-29,monthly,0.8
https://www.scnsoft.com/ecommerce/magento/services/integration,2023-11-29,monthly,0.8
https://www.scnsoft.com/ecommerce/magento/services/m2box,2024-01-16,monthly,0.8
https://www.scnsoft.com/ecommerce/magento/services/audit,2024-01-16,monthly,0.8
https://www.scnsoft.com/ecommerce/magento/services/implementation,2023-11-29,monthly,0.8
https://www.scnsoft.com/ecommerce/magento/services/migration,2023-11-29,monthly,0.8
https://www.scnsoft.com/ecommerce/magento/services/development,2023-11-29,monthly,0.8
https://www.scnsoft.com/ecommerce/magento/services/development/custom,2023-11-29,monthly,0.8
https://www.scnsoft.com/ecommerce/magento/services/support,2023-11-29,monthly,0.8
https://www.scnsoft.com/ecommerce/magento/services/consulting,2023-12-26,monthly,0.8
https://www.scnsoft.com/ecommerce/magento/services/development/b2b,2023-11-29,monthly,0.8
https://www.scnsoft.com/ecommerce/magento/services/development/pwa,2023-11-29,monthly,0.8
https://www.scnsoft.com/ecommerce/magento/partner,2023-11-29,monthly,0.8
https://www.scnsoft.com/crm/saas,2024-01-10,weekly,0.8
https://www.scnsoft.com/augmented-reality/interior-design,2023-09-08,monthly,0.8
https://www.scnsoft.com/analytics/tools,2024-01-10,weekly,0.8
https://www.scnsoft.com/microsoft-dynamics-365/marketing/demo,2023-11-30,monthly,0.8
https://www.scnsoft.com/elearning,2023-11-28,weekly,0.8
https://www.scnsoft.com/services/javascript,2024-01-12,weekly,0.8
https://www.scnsoft.com/crm/ticketing-systems,2024-01-10,weekly,0.8
https://www.scnsoft.com/services/data-science/data-science-as-a-service,2023-12-04,weekly,0.8
https://www.scnsoft.com/analytics/data-warehouse/software,2024-01-12,weekly,0.8
https://www.scnsoft.com/education/learning-content-management-system,2023-11-17,weekly,0.8
https://www.scnsoft.com/ecommerce/platforms/enterprise,2023-06-01,monthly,0.8
https://www.scnsoft.com/ecommerce/custom-shopping-cart,2023-06-01,weekly,0.8
https://www.scnsoft.com/ecommerce/start-an-online-store,2023-06-01,monthly,0.8
https://www.scnsoft.com/software-development/mvp,2024-01-15,weekly,0.8
https://www.scnsoft.com/aws/amazon-dynamodb,2023-05-16,monthly,0.8
https://www.scnsoft.com/services/nodejs,2024-01-09,weekly,0.8
https://www.scnsoft.com/services/angular,2024-01-12,weekly,0.8
https://www.scnsoft.com/elearning/lms/enterprise,2023-09-14,weekly,0.8
https://www.scnsoft.com/software-development/databases/recruitment,2023-11-28,weekly,0.8
https://www.scnsoft.com/crm/client-management-software,2024-01-10,weekly,0.8
https://www.scnsoft.com/crm/customer-engagement-software,2023-08-23,weekly,0.8
https://www.scnsoft.com/ecommerce/food/demo,2022-08-05,weekly,0.8
https://www.scnsoft.com/crm/call-center/consulting,2024-01-12,weekly,0.8
https://www.scnsoft.com/banking/mobile-app-development/demo,2023-09-08,weekly,0.8
https://www.scnsoft.com/analytics/big-data/databases,2024-01-12,weekly,0.8
https://www.scnsoft.com/software-startup,2023-12-01,weekly,0.8
https://www.scnsoft.com/services/nodejs-consulting,2023-12-16,weekly,0.8
https://www.scnsoft.com/ecommerce/software,2023-09-22,monthly,0.8
https://www.scnsoft.com/software-development/dallas,2024-01-12,weekly,0.8
https://www.scnsoft.com/analytics/azure-cosmos-db,2023-10-13,weekly,0.8
https://www.scnsoft.com/services/startup/consulting,2024-01-12,weekly,0.8
https://www.scnsoft.com/about/alumni-referral-program,2023-10-13,yearly,0.8
https://www.scnsoft.com/services/it-consulting/business-digitalization,2023-06-01,weekly,0.8
https://www.scnsoft.com/services/it-consulting/it-strategy,2023-10-05,weekly,0.8
https://www.scnsoft.com/services/it-consulting/solution,2023-06-01,weekly,0.8
https://www.scnsoft.com/services/it-consulting/technology,2023-07-28,weekly,0.8
https://www.scnsoft.com/services/software-development/software-support-and-maintenance,2024-01-11,weekly,0.8
https://www.scnsoft.com/ecommerce/digital/consulting,2024-01-12,monthly,0.8
https://www.scnsoft.com/application/desktop-app-development,2024-01-12,weekly,0.8
https://www.scnsoft.com/services/software-consulting/project-launch,2023-05-20,weekly,0.8
https://www.scnsoft.com/oil-gas,2024-01-12,weekly,0.8
https://www.scnsoft.com/services/software-consulting/development-process,2023-05-20,weekly,0.8
https://www.scnsoft.com/services/software-consulting/enhancement,2023-07-28,weekly,0.8
https://www.scnsoft.com/services/software-consulting/compliance,2023-03-10,weekly,0.8
https://www.scnsoft.com/application/desktop-app-development/windows,2024-01-12,weekly,0.8
https://www.scnsoft.com/software-startup/saas,2023-12-01,weekly,0.8
https://www.scnsoft.com/services/reactjs-consulting,2024-01-12,weekly,0.8
https://www.scnsoft.com/ecommerce/digital-strategy-consulting,2024-01-12,monthly,0.8
https://www.scnsoft.com/services/data-science/data-mining,2023-11-22,weekly,0.8
https://www.scnsoft.com/manufacturing/hmi-software,2023-09-11,weekly,0.8
https://www.scnsoft.com/services/iot/industrial/smart-factory-demo,2023-05-23,monthly,0.8
https://www.scnsoft.com/software-development/start-a-software-company,2023-12-01,weekly,0.8
https://www.scnsoft.com/analytics/data-warehouse/implementation,2024-01-12,weekly,0.8
https://www.scnsoft.com/manufacturing/hmi-development,2023-12-16,weekly,0.8
https://www.scnsoft.com/ecommerce/services/consulting/strategy,2023-11-29,monthly,0.8
https://www.scnsoft.com/services/web-development/cms,2023-12-18,weekly,0.8
https://www.scnsoft.com/ecommerce/services/development/software,2023-11-29,monthly,0.8
https://www.scnsoft.com/scm/custom-inventory,2024-01-19,weekly,0.8
https://www.scnsoft.com/software-development/kiosk,2023-09-15,weekly,0.8
https://www.scnsoft.com/servicenow/itsm/change-management,2023-05-30,monthly,0.8
https://www.scnsoft.com/analytics/data-warehouse/design,2023-10-02,weekly,0.8
https://www.scnsoft.com/application/migration,2023-08-07,weekly,0.8
https://www.scnsoft.com/software-development/ai,2024-01-19,monthly,0.8
https://www.scnsoft.com/services/hire-java-developers,2024-01-12,weekly,0.8
https://www.scnsoft.com/ecommerce/magento/marketplace,2023-12-12,monthly,0.8
https://www.scnsoft.com/services/big-data/testing,2023-12-26,weekly,0.8
https://www.scnsoft.com/services/sharepoint/portals/learning-demo,2022-10-18,monthly,0.8
https://www.scnsoft.com/aws/healthcare-data-warehouse,2024-01-12,monthly,0.8
https://www.scnsoft.com/software-development/kiosk/digital-signage,2022-09-25,weekly,0.8
https://www.scnsoft.com/web-portals/catalogue,2023-08-31,weekly,0.8
https://www.scnsoft.com/software-development/cloud/integration,2023-12-27,weekly,0.8
https://www.scnsoft.com/services/software-development/ecm/consulting,2024-01-12,weekly,0.8
https://www.scnsoft.com/scm/digital-inventory,2023-12-09,weekly,0.8
https://www.scnsoft.com/scm/inventory-system,2024-01-12,weekly,0.8
https://www.scnsoft.com/services/hire-react-native-developers,2024-01-12,weekly,0.8
https://www.scnsoft.com/application/integration,2023-09-08,weekly,0.8
https://www.scnsoft.com/analytics/data-warehouse/building,2024-01-12,weekly,0.8
https://www.scnsoft.com/ecommerce/multi-channel,2023-09-27,weekly,0.8
https://www.scnsoft.com/services/iot/iot-testing,2023-09-14,monthly,0.8
https://www.scnsoft.com/services/security/siem/windows-mitre-integration,2023-03-10,weekly,0.8
https://www.scnsoft.com/services/security/siem/linux-mitre-integration,2023-03-10,weekly,0.8
https://www.scnsoft.com/sharepoint/intranets,2023-11-28,monthly,0.8
https://www.scnsoft.com/ecommerce/marketplace-software/demo,2023-09-08,monthly,0.8
https://www.scnsoft.com/software-testing,2024-01-16,monthly,0.8
https://www.scnsoft.com/software-testing/services,2023-12-26,monthly,0.8
https://www.scnsoft.com/software-testing/microservices,2023-10-06,monthly,0.8
https://www.scnsoft.com/software-testing/services/managed,2023-12-26,monthly,0.8
https://www.scnsoft.com/software-testing/services/qa-consulting,2024-01-16,monthly,0.8
https://www.scnsoft.com/software-testing/services/qa-outsourcing,2023-12-26,monthly,0.8
https://www.scnsoft.com/software-testing/services/enterprise,2023-12-26,monthly,0.8
https://www.scnsoft.com/software-testing/services/quality-assessment,2023-12-26,monthly,0.8
https://www.scnsoft.com/software-testing/services/automated,2023-12-29,monthly,0.8
https://www.scnsoft.com/software-testing/services/mobile,2023-12-26,monthly,0.8
https://www.scnsoft.com/software-testing/services/web,2023-12-26,monthly,0.8
https://www.scnsoft.com/software-testing/services/usability,2023-12-26,monthly,0.8
https://www.scnsoft.com/software-testing/services/functional,2023-12-26,monthly,0.8
https://www.scnsoft.com/software-testing/services/performance,2023-12-26,monthly,0.8
https://www.scnsoft.com/software-testing/services/dw-and-bi,2023-12-26,monthly,0.8
https://www.scnsoft.com/software-testing/services/teams,2023-12-26,monthly,0.8
https://www.scnsoft.com/software-testing/services/digital,2024-01-12,monthly,0.8
https://www.scnsoft.com/software-testing/erp,2023-09-08,monthly,0.8
https://www.scnsoft.com/software-testing/crm,2024-01-12,monthly,0.8
https://www.scnsoft.com/software-testing/qa-automation,2023-09-08,monthly,0.8
https://www.scnsoft.com/it-support/help-desk/tier-1,2024-01-04,weekly,0.8
https://www.scnsoft.com/it-support/remote,2023-11-30,weekly,0.8
https://www.scnsoft.com/aws/migration/application,2023-12-27,monthly,0.8
https://www.scnsoft.com/augmented-reality/dashboards,2023-08-24,monthly,0.8
https://www.scnsoft.com/services/sharepoint/document-management,2023-11-28,monthly,0.8
https://www.scnsoft.com/services/security/siem/qsm,2023-03-10,weekly,0.8
https://www.scnsoft.com/services/security/siem/qmea,2023-03-10,weekly,0.8
https://www.scnsoft.com/services/security/siem/qvti,2023-03-10,weekly,0.8
https://www.scnsoft.com/services/security/siem/qdata,2023-03-10,weekly,0.8
https://www.scnsoft.com/services/security/siem/qtor,2023-03-10,weekly,0.8
https://www.scnsoft.com/services/security/siem/qefc,2023-03-10,weekly,0.8
https://www.scnsoft.com/services/security/siem/qfso,2023-03-10,weekly,0.8
https://www.scnsoft.com/services/security/siem/qled,2023-03-10,weekly,0.8
https://www.scnsoft.com/services/security/siem/qssa,2023-03-10,weekly,0.8
https://www.scnsoft.com/services/security/siem/qmla,2023-03-10,weekly,0.8
https://www.scnsoft.com/services/security/siem/qdga,2023-03-10,weekly,0.8
https://www.scnsoft.com/services/security/siem/qlsi,2023-03-10,weekly,0.8
https://www.scnsoft.com/services/security/siem/qor,2023-03-10,weekly,0.8
https://www.scnsoft.com/software-development/document-management/digital-transaction,2024-01-12,weekly,0.8
https://www.scnsoft.com/ecommerce/services/management,2024-01-09,monthly,0.8
https://www.scnsoft.com/software-testing/about,2023-08-24,yearly,0.8
https://www.scnsoft.com/scm/stock-inventory-control,2023-09-19,weekly,0.8
https://www.scnsoft.com/services/hire-ios-developers,2024-01-12,weekly,0.8
https://www.scnsoft.com/scm/srm,2024-01-12,weekly,0.8
https://www.scnsoft.com/fleet-management/demo,2021-10-06,weekly,0.8
https://www.scnsoft.com/it-support/help-desk/tier-2,2024-01-04,weekly,0.8
https://www.scnsoft.com/software-development/enterprise,2024-01-09,weekly,0.8
https://www.scnsoft.com/software-development/soa-consulting,2024-01-09,weekly,0.8
https://www.scnsoft.com/asset-management/software/enterprise,2023-09-12,weekly,0.8
https://www.scnsoft.com/asset-management/real-time-asset-tracking,2024-01-20,weekly,0.8
https://www.scnsoft.com/ecommerce/sell-medical-supply-equipment,2023-11-13,weekly,0.8
https://www.scnsoft.com/application/support,2023-10-02,weekly,0.8
https://www.scnsoft.com/services/hire-software-developers,2024-01-10,weekly,0.8
https://www.scnsoft.com/ecommerce/virtual-store,2023-11-29,weekly,0.8
https://www.scnsoft.com/document-management/automation,2023-12-18,weekly,0.8
https://www.scnsoft.com/services/hire-offshore-developers,2024-01-12,weekly,0.8
https://www.scnsoft.com/services/security/vulnerability-assessment/network,2024-01-19,weekly,0.8
https://www.scnsoft.com/cloud/migration,2023-08-03,weekly,0.8
https://www.scnsoft.com/elearning/gamification,2023-11-28,weekly,0.8
https://www.scnsoft.com/operations-management,2023-09-04,weekly,0.8
https://www.scnsoft.com/services/web-application-development/custom,2024-01-15,weekly,0.8
https://www.scnsoft.com/services/hire-.net-developers,2024-01-12,weekly,0.8
https://www.scnsoft.com/web-portals/customer,2023-11-29,weekly,0.8
https://www.scnsoft.com/elearning/lms/enterprise/demo,2021-12-28,weekly,0.8
https://www.scnsoft.com/asset-management/software/computer-aided-facilities-management,2023-08-01,weekly,0.8
https://www.scnsoft.com/services/hire-web-developers,2024-01-09,weekly,0.8
https://www.scnsoft.com/analytics/customer,2023-10-17,weekly,0.8
https://www.scnsoft.com/document-management/legal,2023-09-05,weekly,0.8
https://www.scnsoft.com/project-management/custom,2023-12-18,weekly,0.8
https://www.scnsoft.com/web-portals/vendor,2023-12-01,weekly,0.8
https://www.scnsoft.com/project-management/enterprise,2023-11-29,weekly,0.8
https://www.scnsoft.com/web-portals/community,2023-08-24,weekly,0.8
https://www.scnsoft.com/augmented-reality/training,2023-09-22,monthly,0.8
https://www.scnsoft.com/about/referral-program/terms-and-conditions,2023-02-10,yearly,0.8
https://www.scnsoft.com/asset-management,2023-12-18,weekly,0.8
https://www.scnsoft.com/software-development/build-a-software,2024-01-12,weekly,0.8
https://www.scnsoft.com/software-development/security,2024-01-12,weekly,0.8
https://www.scnsoft.com/services/hire-javascript-developers,2024-01-12,weekly,0.8
https://www.scnsoft.com/sharepoint/hr,2023-11-28,monthly,0.8
https://www.scnsoft.com/scm/vendor-management-system,2023-09-19,weekly,0.8
https://www.scnsoft.com/project-management/ppm,2023-09-05,weekly,0.8
https://www.scnsoft.com/about/become-our-agent,2024-01-12,yearly,0.8
https://www.scnsoft.com/services/hire-nodejs-developers,2024-01-12,weekly,0.8
https://www.scnsoft.com/analytics/data-consolidation,2023-08-04,weekly,0.8
https://www.scnsoft.com/services/it-consulting/operations,2023-10-20,weekly,0.8
https://www.scnsoft.com/services/application/integration/azure,2023-12-27,weekly,0.8
https://www.scnsoft.com/financial-management/automated-billing-software,2024-01-20,weekly,0.8
https://www.scnsoft.com/web-portals/sales,2023-09-08,weekly,0.8
https://www.scnsoft.com/crm/accounting,2024-01-10,weekly,0.8
https://www.scnsoft.com/analytics/data-warehouse/cloud/configurator,2023-12-01,weekly,0.8
https://www.scnsoft.com/services/application-maintenance-and-support/mobile,2024-01-16,weekly,0.8
https://www.scnsoft.com/scm/automated-order-system,2024-01-19,weekly,0.8
https://www.scnsoft.com/services/application/migration/azure,2023-12-27,weekly,0.8
https://www.scnsoft.com/financial-management/accounts-receivable-automation,2024-01-12,weekly,0.8
https://www.scnsoft.com/financial-management/cost-control-software,2023-12-28,weekly,0.8
https://www.scnsoft.com/digital-process-automation,2023-09-19,weekly,0.8
https://www.scnsoft.com/banking/crm,2023-12-01,weekly,0.8
https://www.scnsoft.com/manufacturing/crm,2023-11-28,weekly,0.8
https://www.scnsoft.com/services/hire-front-end-developers,2024-01-12,weekly,0.8
https://www.scnsoft.com/ecommerce/magento/hire-developers,2024-01-12,monthly,0.8
https://www.scnsoft.com/services/security/testing/ddos,2024-01-16,weekly,0.8
https://www.scnsoft.com/software-development/outsourcing,2023-12-02,weekly,0.8
https://www.scnsoft.com/scm/order-management-software,2024-01-12,weekly,0.8
https://www.scnsoft.com/financial-management/cash-management-software,2024-01-12,weekly,0.8
https://www.scnsoft.com/scm,2024-01-12,weekly,0.8
https://www.scnsoft.com/scm/warehouse-management-system,2024-01-21,weekly,0.8
https://www.scnsoft.com/financial-management/treasury-software,2024-01-20,weekly,0.8
https://www.scnsoft.com/elearning/lms/scorm,2023-09-14,weekly,0.8
https://www.scnsoft.com/software-development/remote-service,2023-08-03,monthly,0.8
https://www.scnsoft.com/financial-management/enterprise-accounting-software,2023-12-08,weekly,0.8
https://www.scnsoft.com/financial-management/accounting-automation,2024-01-12,weekly,0.8
https://www.scnsoft.com/ecommerce/headless-commerce,2023-12-01,weekly,0.8
https://www.scnsoft.com/financial-management/general-ledger-software,2024-01-20,weekly,0.8
https://www.scnsoft.com/about/careers/middle-senior-net-wpf-developer,2023-10-23,yearly,0.8
https://www.scnsoft.com/about/careers/azure-cloud-native-developer,2023-10-23,yearly,0.8
https://www.scnsoft.com/about/careers/aws-cloud-native-developer,2023-10-23,yearly,0.8
https://www.scnsoft.com/financial-management/revenue-management-software,2023-12-29,weekly,0.8
https://www.scnsoft.com/ecommerce/microservices,2023-12-01,weekly,0.8
https://www.scnsoft.com/about/careers/solution-architect-dot-net,2023-10-23,yearly,0.8
https://www.scnsoft.com/services/security/penetration-testing/costs,2024-01-12,weekly,0.8
https://www.scnsoft.com/aws/application-integration,2023-09-08,monthly,0.8
https://www.scnsoft.com/financial-management/custom-accounting-software,2024-01-20,weekly,0.8
https://www.scnsoft.com/elearning/lms/corporate,2023-09-13,weekly,0.8
https://www.scnsoft.com/services/hire-startup-developers,2023-12-02,weekly,0.8
https://www.scnsoft.com/financial-management/automated-invoice-processing,2024-01-12,weekly,0.8
https://www.scnsoft.com/services/hire-android-developers,2024-01-12,weekly,0.8
https://www.scnsoft.com/analytics/data-management/enterprise,2023-08-04,weekly,0.8
https://www.scnsoft.com/content-management/building,2023-11-29,weekly,0.8
https://www.scnsoft.com/analytics/supply-chain,2023-10-12,weekly,0.8
https://www.scnsoft.com/sharepoint/content-management,2023-11-24,monthly,0.8
https://www.scnsoft.com/ecommerce/b2b-ecommerce,2023-11-29,weekly,0.8
https://www.scnsoft.com/software-testing/services/hire-testers,2023-12-26,monthly,0.8
https://www.scnsoft.com/scm/procurement-software,2023-12-28,weekly,0.8
https://www.scnsoft.com/software-development/automation,2024-01-12,weekly,0.8
https://www.scnsoft.com/scm/sourcing-software,2023-09-19,weekly,0.8
https://www.scnsoft.com/analytics/operational,2023-10-12,weekly,0.8
https://www.scnsoft.com/scm/purchase-order-software,2023-12-29,weekly,0.8
https://www.scnsoft.com/software-testing/about/experts,2023-05-03,yearly,0.8
https://www.scnsoft.com/software-testing/about/approach,2023-11-09,yearly,0.8
https://www.scnsoft.com/analytics/business-intelligence/enterprise,2023-12-24,weekly,0.8
https://www.scnsoft.com/software-testing/about/awards,2023-09-08,yearly,0.8
https://www.scnsoft.com/content-management/pim-software,2023-11-29,weekly,0.8
https://www.scnsoft.com/scm/automated-inventory,2024-01-12,weekly,0.8
https://www.scnsoft.com/financial-management/pricing,2023-12-28,weekly,0.8
https://www.scnsoft.com/software-testing/about/testimonials,2023-11-03,yearly,0.8
https://www.scnsoft.com/financial-management/modeling,2024-01-20,weekly,0.8
https://www.scnsoft.com/microsoft-power-apps,2023-07-23,monthly,0.8
https://www.scnsoft.com/scm/supply-chain-planning,2023-12-08,weekly,0.8
https://www.scnsoft.com/operations-management/corporate-performance-software,2023-07-26,weekly,0.8
https://www.scnsoft.com/scm/custom-inventory/demo,2023-08-02,weekly,0.8
https://www.scnsoft.com/augmented-reality/maintenance-and-repair,2023-09-22,monthly,0.8
https://www.scnsoft.com/ecommerce/subscriptions,2023-06-01,weekly,0.8
https://www.scnsoft.com/ecommerce/about/testimonials,2023-11-02,yearly,0.8
https://www.scnsoft.com/manufacturing/machine-monitoring,2023-09-05,weekly,0.8
https://www.scnsoft.com/scm/demand-planning-software,2024-01-21,weekly,0.8
https://www.scnsoft.com/financial-management/corporate-finance,2023-08-28,weekly,0.8
https://www.scnsoft.com/analytics/automated-reporting,2023-08-15,weekly,0.8
https://www.scnsoft.com/analytics/customer-intelligence,2023-08-08,weekly,0.8
https://www.scnsoft.com/software-development/microservices-consulting,2024-01-09,weekly,0.8
https://www.scnsoft.com/services/java-consulting,2023-12-28,weekly,0.8
https://www.scnsoft.com/blockchain/traceability-provenance,2024-01-10,monthly,0.8
https://www.scnsoft.com/adtech-martech,2023-11-28,weekly,0.8
https://www.scnsoft.com/manufacturing/equipment-management,2023-12-29,weekly,0.8
https://www.scnsoft.com/scm/transportation-management-software,2024-01-21,weekly,0.8
https://www.scnsoft.com/blockchain/food-supply-chain,2023-09-27,monthly,0.8
https://www.scnsoft.com/financial-management/automation,2024-01-19,weekly,0.8
https://www.scnsoft.com/scm/supply-chain-visibility,2023-12-08,weekly,0.8
https://www.scnsoft.com/manufacturing/equipment-monitoring,2023-09-05,weekly,0.8
https://www.scnsoft.com/security/penetration-testing/network,2023-12-04,weekly,0.8
https://www.scnsoft.com/digital-transformation,2024-01-12,weekly,0.8
https://www.scnsoft.com/artificial-intelligence,2024-01-18,monthly,0.8
https://www.scnsoft.com/manufacturing/overall-equipment-effectiveness-software,2024-01-12,weekly,0.8
https://www.scnsoft.com/manufacturing/condition-monitoring,2023-09-05,weekly,0.8
https://www.scnsoft.com/blockchain/supply-chain,2024-01-10,monthly,0.8
https://www.scnsoft.com/analytics/business-intelligence/retail,2024-01-10,weekly,0.8
https://www.scnsoft.com/financial-management/e-invoicing,2023-12-08,weekly,0.8
https://www.scnsoft.com/blockchain/create-nft-marketplace,2023-12-01,monthly,0.8
https://www.scnsoft.com/software-development/backend,2023-12-13,weekly,0.8
https://www.scnsoft.com/blockchain/cryptocurrency-wallet,2023-11-14,monthly,0.8
https://www.scnsoft.com/manufacturing/product-data-management,2023-05-24,weekly,0.8
https://www.scnsoft.com/software-testing/end-to-end-testing,2023-05-31,monthly,0.8
https://www.scnsoft.com/blockchain/cryptocurrency,2023-09-22,monthly,0.8
https://www.scnsoft.com/blockchain/sto-development,2023-06-01,monthly,0.8
https://www.scnsoft.com/services/web-development/outsourcing,2024-01-15,weekly,0.8
https://www.scnsoft.com/blockchain/defi,2024-01-12,monthly,0.8
https://www.scnsoft.com/healthcare/hipaa-compliance/risk-assessment,2024-01-12,monthly,0.8
https://www.scnsoft.com/cloud/migration/consulting,2023-11-22,weekly,0.8
https://www.scnsoft.com/blockchain/smart-contracts-development,2023-11-14,monthly,0.8
https://www.scnsoft.com/blockchain/nft-consulting,2023-09-15,monthly,0.8
https://www.scnsoft.com/healthcare/hipaa-compliance/services/consulting,2024-01-12,monthly,0.8
https://www.scnsoft.com/blockchain/asset-tokenization,2024-01-12,monthly,0.8
https://www.scnsoft.com/blockchain/nft-development,2023-11-21,monthly,0.8
https://www.scnsoft.com/software-testing/qa-process,2023-12-01,monthly,0.8
https://www.scnsoft.com/aws/migration,2023-07-28,monthly,0.8
https://www.scnsoft.com/software-testing/services/integration,2023-12-26,monthly,0.8
https://www.scnsoft.com/software-development/enterprise/services,2024-01-09,weekly,0.8
https://www.scnsoft.com/software-development/gdpr-compliance,2023-09-12,weekly,0.8
https://www.scnsoft.com/services/business-automation,2024-01-15,weekly,0.8
https://www.scnsoft.com/services/python-consulting,2023-12-16,weekly,0.8
https://www.scnsoft.com/blockchain/consulting,2024-01-04,monthly,0.8
https://www.scnsoft.com/customer-satisfaction-review,2022-06-07,monthly,0.8
https://www.scnsoft.com/ecommerce/fulfillment,2024-01-18,weekly,0.8
https://www.scnsoft.com/blockchain/blockchain-development-guide,2024-01-08,monthly,0.8
https://www.scnsoft.com/software-testing/qa-process-improvement,2023-11-01,monthly,0.8
https://www.scnsoft.com/microsoft-azure/migration,2023-06-01,weekly,0.8
https://www.scnsoft.com/healthcare/hipaa-compliance/services,2024-01-12,monthly,0.8
https://www.scnsoft.com/analytics/big-data/databases/configurator,2023-12-01,weekly,0.8
https://www.scnsoft.com/security/compliance/pci,2023-11-23,weekly,0.8
https://www.scnsoft.com/software-testing/services/regression,2023-12-26,monthly,0.8
https://www.scnsoft.com/about/careers/golang-developer,2023-03-10,yearly,0.8
https://www.scnsoft.com/financial-management,2024-01-12,weekly,0.8
https://www.scnsoft.com/blockchain/decentralized-marketplace,2023-12-13,monthly,0.8
https://www.scnsoft.com/security/compliance/pci/consulting,2023-12-01,weekly,0.8
https://www.scnsoft.com/scm/inventory-optimization,2023-12-09,weekly,0.8
https://www.scnsoft.com/services/bpm-consulting,2023-11-12,weekly,0.8
https://www.scnsoft.com/experts,2024-01-12,yearly,0.8
https://www.scnsoft.com/application/migration/services,2024-01-12,weekly,0.8
https://www.scnsoft.com/ecommerce/order-management,2024-01-18,weekly,0.8
https://www.scnsoft.com/ecommerce/cryptocurrency-ecommerce,2024-01-12,weekly,0.8
https://www.scnsoft.com/ecommerce/inventory-management-software,2024-01-19,weekly,0.8
https://www.scnsoft.com/security/compliance,2024-01-12,weekly,0.8
https://www.scnsoft.com/services/it-consulting/configurator,2023-12-04,weekly,0.8
https://www.scnsoft.com/security/testing/social-engineering,2024-01-15,weekly,0.8
https://www.scnsoft.com/retail/retail-price-optimization,2023-07-28,weekly,0.8
https://www.scnsoft.com/blockchain/payments,2024-01-12,monthly,0.8
https://www.scnsoft.com/security/audit,2024-01-15,weekly,0.8
https://www.scnsoft.com/scm/inventory-counting-software,2023-12-09,weekly,0.8
https://www.scnsoft.com/security/assessment/applications,2023-09-26,weekly,0.8
https://www.scnsoft.com/services/software-development/software-support-and-maintenance/costs,2024-01-15,weekly,0.8
https://www.scnsoft.com/services/software-development/software-support-and-maintenance/costs/configurator,2023-12-01,weekly,0.8
https://www.scnsoft.com/technology-partner,2024-01-16,yearly,0.8
https://www.scnsoft.com/scm/inventory-counting-with-computer-vision,2024-01-10,weekly,0.8
https://www.scnsoft.com/security/assessment/risk,2023-12-01,weekly,0.8
https://www.scnsoft.com/services/mobile-app-development/configurator,2023-12-01,weekly,0.8
https://www.scnsoft.com/about/locations/texas,2023-09-06,yearly,0.8
https://www.scnsoft.com/about/locations/georgia,2023-08-30,yearly,0.8
https://www.scnsoft.com/about/locations/latvia,2023-08-30,yearly,0.8
https://www.scnsoft.com/about/locations/finland,2023-08-30,yearly,0.8
https://www.scnsoft.com/about/locations/lithuania,2023-08-30,yearly,0.8
https://www.scnsoft.com/about/locations/poland,2023-08-30,yearly,0.8
https://www.scnsoft.com/about/locations/uae,2023-08-30,yearly,0.8
https://www.scnsoft.com/blockchain/implementation,2024-01-10,monthly,0.8
https://www.scnsoft.com/ecommerce/payment-gateway-integration,2024-01-12,monthly,0.8
https://www.scnsoft.com/ecommerce/services/development/mobile-app,2024-01-16,monthly,0.8
https://www.scnsoft.com/software-testing/healthcare,2024-01-12,monthly,0.8
https://www.scnsoft.com/security/assessment,2024-01-12,weekly,0.8
https://www.scnsoft.com/ar,2024-01-18,monthly,0.8
https://www.scnsoft.com/software-testing/services/independent,2023-12-26,monthly,0.8
https://www.scnsoft.com/ar/about/testimonials,2023-11-05,yearly,0.8
https://www.scnsoft.com/payment/gateway-integration-in-the-app,2024-01-12,weekly,0.8
https://www.scnsoft.com/ar/software-development,2024-01-18,weekly,0.8
https://www.scnsoft.com/ar/software-development/product,2023-11-27,weekly,0.8
https://www.scnsoft.com/ar/software-development/custom,2024-01-18,weekly,0.8
https://www.scnsoft.com/ar/application/development,2023-12-05,weekly,0.8
https://www.scnsoft.com/ar/application/mobile-app-development,2024-01-12,weekly,0.8
https://www.scnsoft.com/payment/gateway-development,2024-01-12,weekly,0.8
https://www.scnsoft.com/augmented-reality/ecommerce,2023-09-08,monthly,0.8
https://www.scnsoft.com/ecommerce/sell-medicine-online,2024-01-12,weekly,0.8
https://www.scnsoft.com/ar/application/development/web,2024-01-18,weekly,0.8
https://www.scnsoft.com/microsoft,2024-01-16,monthly,0.8
https://www.scnsoft.com/payment/app-development,2024-01-15,weekly,0.8
https://www.scnsoft.com/analytics/big-data/implementation,2024-01-12,weekly,0.8
https://www.scnsoft.com/payment/app-development/money-transfer,2024-01-12,weekly,0.8
https://www.scnsoft.com/security/consulting/application,2024-01-12,weekly,0.8
https://www.scnsoft.com/about/partnerships/microsoft,2024-01-16,yearly,0.8
https://www.scnsoft.com/scm/digital-transformation/procurement,2024-01-12,weekly,0.8
https://www.scnsoft.com/ar/application/mobile-app-development/configurator,2023-12-08,weekly,0.8
https://www.scnsoft.com/financial-management/digital-transformation,2024-01-12,weekly,0.8
https://www.scnsoft.com/ar/application/mobile-app-development/ios,2023-11-25,weekly,0.8
https://www.scnsoft.com/ar/application/mobile-app-development/android,2023-11-25,weekly,0.8
https://www.scnsoft.com/scm/digital-transformation,2024-01-12,weekly,0.8
https://www.scnsoft.com/security/consulting/cloud,2024-01-12,weekly,0.8
https://www.scnsoft.com/ar/application/development/cloud,2023-11-27,weekly,0.8
https://www.scnsoft.com/analytics/big-data/hadoop-implementation,2024-01-12,weekly,0.8
https://www.scnsoft.com/software-development/costs,2023-12-01,weekly,0.8
https://www.scnsoft.com/software-development/costs/configurator,2023-12-01,weekly,0.8
https://www.scnsoft.com/ar/application/support,2023-12-22,weekly,0.8
https://www.scnsoft.com/ar/healthcare,2024-01-21,weekly,0.8
https://www.scnsoft.com/ar/healthcare/software-development,2024-01-12,weekly,0.8
https://www.scnsoft.com/ar/healthcare/mobile,2024-01-12,weekly,0.8
https://www.scnsoft.com/payment/automation,2024-01-15,weekly,0.8
https://www.scnsoft.com/software-testing/types-of-bugs,2023-11-08,monthly,0.8
https://www.scnsoft.com/analytics/big-data/processing,2023-12-24,weekly,0.8
https://www.scnsoft.com/security/assessment/cloud,2024-01-12,weekly,0.8
https://www.scnsoft.com/ar/healthcare/ehr-development,2023-11-28,weekly,0.8
https://www.scnsoft.com/ar/software-development/outsourcing,2023-12-29,weekly,0.8
https://www.scnsoft.com/software-testing/services/offshore,2023-12-26,monthly,0.8
https://www.scnsoft.com/ar/healthcare/wearable-medical-devices,2024-01-10,weekly,0.8
https://www.scnsoft.com/ar/healthcare/telemedicine,2024-01-12,weekly,0.8
https://www.scnsoft.com/services/security/vulnerability-assessment/managed,2023-08-28,weekly,0.8
https://www.scnsoft.com/aws,2024-01-16,monthly,0.8
https://www.scnsoft.com/aws/testimonials,2023-11-03,monthly,0.8
https://www.scnsoft.com/ar/software-development/java,2023-11-27,weekly,0.8
https://www.scnsoft.com/software-testing/services/load,2023-12-26,monthly,0.8
https://www.scnsoft.com/ar/software-development/mvp,2023-12-29,weekly,0.8
https://www.scnsoft.com/blockchain/cross-border-payments,2024-01-12,monthly,0.8
https://www.scnsoft.com/payment/app-development/buy-now-pay-later,2024-01-12,weekly,0.8
https://www.scnsoft.com/payment/orchestration-software,2024-01-12,weekly,0.8
https://www.scnsoft.com/ar/services/software-testing,2023-12-14,weekly,0.8
https://www.scnsoft.com/healthcare/hipaa-compliance/software-testing,2024-01-12,monthly,0.8
https://www.scnsoft.com/lending,2024-01-15,weekly,0.8
https://www.scnsoft.com/software-testing/medical-device-software-testing,2024-01-12,monthly,0.8
https://www.scnsoft.com/lending/loan-processing-automation,2024-01-15,weekly,0.8
https://www.scnsoft.com/ar/elearning,2023-11-29,weekly,0.8
https://www.scnsoft.com/ar/digital-transformation,2023-12-16,weekly,0.8
https://www.scnsoft.com/ar/ecommerce/development-services,2023-11-29,weekly,0.8
https://www.scnsoft.com/ecommerce/chatbots,2023-08-01,weekly,0.8
https://www.scnsoft.com/software-testing/services/stress,2023-12-26,monthly,0.8
https://www.scnsoft.com/ar/ecommerce/start-an-online-store,2023-11-29,weekly,0.8
https://www.scnsoft.com/lending/automated-debt-collection,2024-01-19,weekly,0.8
https://www.scnsoft.com/security/compliance/nydfs,2023-12-01,weekly,0.8
https://www.scnsoft.com/lending/loan-management-system,2024-01-12,weekly,0.8
https://www.scnsoft.com/ar/ecommerce/headless,2023-11-29,weekly,0.8
https://www.scnsoft.com/software-development/code-review,2024-01-09,weekly,0.8
https://www.scnsoft.com/ar/ecommerce/marketplace-software,2023-11-29,weekly,0.8
https://www.scnsoft.com/it-support/help-desk/managed,2023-11-27,weekly,0.8
https://www.scnsoft.com/lending/peer-to-peer-lending,2024-01-12,weekly,0.8
https://www.scnsoft.com/ar/ecommerce/virtual-store,2023-11-29,weekly,0.8
https://www.scnsoft.com/healthcare/medical-devices/cybersecurity-assessment-services,2024-01-12,weekly,0.8
https://www.scnsoft.com/lending/mortgage-automation,2024-01-12,weekly,0.8
https://www.scnsoft.com/ar/financial-management/corporate-finance,2023-11-28,weekly,0.8
https://www.scnsoft.com/services/iot/iot-asset-tracking,2024-01-12,monthly,0.8
https://www.scnsoft.com/manufacturing/execution-system,2023-05-24,weekly,0.8
https://www.scnsoft.com/ar/erp,2023-11-28,weekly,0.8
https://www.scnsoft.com/ar/financial-management/automated-billing-software,2023-11-28,weekly,0.8
https://www.scnsoft.com/manufacturing/production-scheduling-software,2023-05-24,weekly,0.8
https://www.scnsoft.com/ecommerce/testimonials,2023-11-03,monthly,0.8
https://www.scnsoft.com/ecommerce/ecommerce-crm,2023-08-24,monthly,0.8
https://www.scnsoft.com/lending/money-lending-app-development,2024-01-12,weekly,0.8
https://www.scnsoft.com/ar/financial-management/e-invoicing,2023-11-28,weekly,0.8
https://www.scnsoft.com/ar/financial-management/custom-accounting-software,2023-11-28,weekly,0.8
https://www.scnsoft.com/insurance/automation,2024-01-15,weekly,0.8
https://www.scnsoft.com/it-support/noc/managed,2023-12-01,weekly,0.8
https://www.scnsoft.com/security/program-development,2024-01-12,weekly,0.8
https://www.scnsoft.com/insurance/underwriting-automation,2024-01-15,weekly,0.8
https://www.scnsoft.com/ar/scm,2023-12-07,weekly,0.8
https://www.scnsoft.com/ar/scm/warehouse-management-system,2023-11-29,weekly,0.8
https://www.scnsoft.com/insurance/claim-management-automation,2024-01-17,weekly,0.8
https://www.scnsoft.com/it-support/australia,2023-08-22,weekly,0.8
https://www.scnsoft.com/crm/implementation,2024-01-15,weekly,0.8
https://www.scnsoft.com/ar/it-support,2023-11-27,weekly,0.8
https://www.scnsoft.com/insurance/software-development,2024-01-15,weekly,0.8
https://www.scnsoft.com/ar/services/managed-it,2024-01-18,weekly,0.8
https://www.scnsoft.com/insurance/policy-administration-system,2024-01-12,weekly,0.8
https://www.scnsoft.com/ar/scm/custom-inventory,2023-11-29,weekly,0.8
https://www.scnsoft.com/ar/services/it-infrastructure,2023-11-27,weekly,0.8
https://www.scnsoft.com/ar/services/it-outsourcing,2023-11-27,weekly,0.8
https://www.scnsoft.com/software-development/code-audit,2024-01-09,weekly,0.8
https://www.scnsoft.com/ar/application/mobile-app-development/consulting,2024-01-12,weekly,0.8
https://www.scnsoft.com/insurance/portal,2024-01-12,weekly,0.8
https://www.scnsoft.com/pricing,2024-01-16,monthly,0.8
https://www.scnsoft.com/blockchain/insurance,2023-09-27,monthly,0.8
https://www.scnsoft.com/ar/services/it-consulting,2024-01-18,weekly,0.8
https://www.scnsoft.com/digital-transformation/enterprise,2024-01-12,weekly,0.8
https://www.scnsoft.com/about/security-management,2024-01-12,yearly,0.8
https://www.scnsoft.com/about/quality-management,2024-01-12,yearly,0.8
https://www.scnsoft.com/ar/healthcare/arabhealth-2023,2024-01-18,weekly,0.8
https://www.scnsoft.com/insurance/smart-contracts,2023-12-13,weekly,0.8
https://www.scnsoft.com/ar/analytics,2023-11-29,weekly,0.8
https://www.scnsoft.com/ar/analytics/big-data,2024-01-12,weekly,0.8
https://www.scnsoft.com/ar/analytics/data-science,2023-11-29,weekly,0.8
https://www.scnsoft.com/ecommerce/cloud,2023-12-01,weekly,0.8
https://www.scnsoft.com/ar/manufacturing,2023-12-07,weekly,0.8
https://www.scnsoft.com/fintech,2024-01-12,weekly,0.8
https://www.scnsoft.com/ar/blockchain,2024-01-15,monthly,0.8
https://www.scnsoft.com/ar/services/it-consulting/configurator,2023-12-06,weekly,0.8
https://www.scnsoft.com/insurance/app-development,2024-01-12,weekly,0.8
https://www.scnsoft.com/ar/about,2023-10-25,yearly,0.8
https://www.scnsoft.com/retail/data-analytics,2023-09-04,weekly,0.8
https://www.scnsoft.com/ar/blockchain/consulting,2023-08-23,monthly,0.8
https://www.scnsoft.com/ar/analytics/consulting,2023-11-29,weekly,0.8
https://www.scnsoft.com/about/careers/director-of-marketing-channels,2023-07-10,yearly,0.8
https://www.scnsoft.com/financial-management/corporate-finance/development,2024-01-12,weekly,0.8
https://www.scnsoft.com/ar/analytics/data-warehouse/building,2024-01-10,weekly,0.8
https://www.scnsoft.com/it-support/help-desk/pricing,2024-01-10,weekly,0.8
https://www.scnsoft.com/software-testing/insurance,2023-12-29,monthly,0.8
https://www.scnsoft.com/ar/services/software-testing/penetration,2023-12-14,weekly,0.8
https://www.scnsoft.com/ar/analytics/data-warehouse/cloud/configurator,2023-12-07,weekly,0.8
https://www.scnsoft.com/it-support/help-desk/pricing/configurator,2023-12-28,weekly,0.8
https://www.scnsoft.com/ar/software-development/web,2024-01-18,weekly,0.8
https://www.scnsoft.com/ar/oil-gas,2023-11-28,weekly,0.8
https://www.scnsoft.com/analytics/data-lake/enterprise,2023-11-30,weekly,0.8
https://www.scnsoft.com/ecommerce/ecommerce-business-intelligence,2024-01-12,monthly,0.8
https://www.scnsoft.com/services/software-consulting/configurator,2023-12-06,weekly,0.8
https://www.scnsoft.com/insurance/predictive-analytics,2023-11-30,weekly,0.8
https://www.scnsoft.com/investment,2024-01-15,weekly,0.8
https://www.scnsoft.com/services/web-development/configurator,2023-12-04,weekly,0.8
https://www.scnsoft.com/ar/news,2023-11-05,yearly,0.8
https://www.scnsoft.com/analytics/data-warehouse/real-time,2023-11-30,weekly,0.8
https://www.scnsoft.com/ar/transportation-and-logistics,2023-11-28,weekly,0.8
https://www.scnsoft.com/manufacturing/data-analytics,2023-09-26,weekly,0.8
https://www.scnsoft.com/software-testing/configurator,2024-01-08,monthly,0.8
https://www.scnsoft.com/services/it-infrastructure/management/network,2023-05-25,weekly,0.8
https://www.scnsoft.com/it-support/help-desk/tier-3,2023-11-30,weekly,0.8
https://www.scnsoft.com/artificial-intelligence/configurator,2023-12-01,monthly,0.8
https://www.scnsoft.com/ar/services/crm/custom-solutions,2023-11-29,weekly,0.8
https://www.scnsoft.com/investment/investor-portal,2024-01-15,weekly,0.8
https://www.scnsoft.com/services/cloud-migration/configurator,2023-12-04,weekly,0.8
https://www.scnsoft.com/analytics/sensor-data-analytics,2024-01-12,weekly,0.8
https://www.scnsoft.com/insurance/software-development/configurator,2023-12-05,weekly,0.8
https://www.scnsoft.com/ar/services/cloud-consulting,2023-12-05,weekly,0.8
https://www.scnsoft.com/about/careers/marketing-analyst-assistant,2023-07-10,yearly,0.8
https://www.scnsoft.com/software-testing/services/qa-outsourcing/configurator,2023-12-06,monthly,0.8
https://www.scnsoft.com/software-testing/crm/configurator,2023-12-06,monthly,0.8
https://www.scnsoft.com/services/application-maintenance-and-support/configurator,2023-12-04,weekly,0.8
https://www.scnsoft.com/services/web-application-development/configurator,2023-12-01,weekly,0.8
https://www.scnsoft.com/lending/configurator,2023-12-05,weekly,0.8
https://www.scnsoft.com/services/web-development/cms/configurator,2023-12-06,weekly,0.8
https://www.scnsoft.com/scm/inventory-system/configurator,2023-12-05,weekly,0.8
https://www.scnsoft.com/investment/configurator,2023-12-05,weekly,0.8
https://www.scnsoft.com/services/big-data/consulting/configurator,2023-12-08,weekly,0.8
https://www.scnsoft.com/services/software-product-development/configurator,2023-12-06,weekly,0.8
https://www.scnsoft.com/ecommerce/pricing,2024-01-08,monthly,0.8
https://www.scnsoft.com/services/security/testing/configurator,2023-12-01,weekly,0.8
https://www.scnsoft.com/financial-management/automated-invoice-processing/configurator,2023-12-05,weekly,0.8
https://www.scnsoft.com/financial-management/custom-accounting-software/configurator,2023-12-05,weekly,0.8
https://www.scnsoft.com/services/cloud-consulting/configurator,2023-12-04,weekly,0.8
https://www.scnsoft.com/software-development/blockchain/configurator,2023-12-01,monthly,0.8
https://www.scnsoft.com/ecommerce/services/consulting/configurator,2023-12-06,monthly,0.8
https://www.scnsoft.com/ecommerce/services/development/configurator,2023-12-06,monthly,0.8
https://www.scnsoft.com/ecommerce/services/management/configurator,2023-12-06,monthly,0.8
https://www.scnsoft.com/services/security/siem/configurator,2023-12-06,weekly,0.8
https://www.scnsoft.com/analytics/big-data/implementation/configurator,2023-12-01,weekly,0.8
https://www.scnsoft.com/software-development/enterprise/configurator,2023-12-04,weekly,0.8
https://www.scnsoft.com/services/web-development/consulting/configurator,2023-12-04,weekly,0.8
https://www.scnsoft.com/ecommerce/services/development-and-launch/configurator,2023-12-06,monthly,0.8
https://www.scnsoft.com/ecommerce/pricing/migration,2023-12-06,monthly,0.8
https://www.scnsoft.com/ecommerce/pricing/cloud-migration,2023-12-06,monthly,0.8
https://www.scnsoft.com/ecommerce/pricing/team-augmentation,2023-10-13,monthly,0.8
https://www.scnsoft.com/ecommerce/services/audit/configurator,2023-12-06,monthly,0.8
https://www.scnsoft.com/ecommerce/services/testing/configurator,2023-12-06,monthly,0.8
https://www.scnsoft.com/ecommerce/pricing/help-desk,2023-12-06,monthly,0.8
https://www.scnsoft.com/ecommerce/services/development/mobile-app/configurator,2023-12-06,monthly,0.8
https://www.scnsoft.com/services/crm/custom-solutions/configurator,2023-12-06,weekly,0.8
https://www.scnsoft.com/ar/banking/software-development,2024-01-01,weekly,0.8
https://www.scnsoft.com/ar/software-development/dot-net,2023-11-29,monthly,0.8
https://www.scnsoft.com/services/managed-it/configurator,2023-12-01,weekly,0.8
https://www.scnsoft.com/services/it-infrastructure/outsourcing,2023-12-01,weekly,0.8
https://www.scnsoft.com/insurance/ai-underwriting,2024-01-12,weekly,0.8
https://www.scnsoft.com/ar/software-development/configurator,2023-12-06,weekly,0.8
https://www.scnsoft.com/ar/services/software-product-development/configurator,2023-12-06,weekly,0.8
https://www.scnsoft.com/scm/order-management-software/configurator,2023-12-06,weekly,0.8
https://www.scnsoft.com/financial-management/treasury-software/configurator,2023-12-05,weekly,0.8
https://www.scnsoft.com/analytics/data-warehouse/implementation/configurator,2023-12-01,weekly,0.8
https://www.scnsoft.com/services/managed/remote,2023-11-24,weekly,0.8
https://www.scnsoft.com/analytics/big-data/end-to-end-applications,2023-11-30,weekly,0.8
https://www.scnsoft.com/insurance/ai-claims,2024-01-12,weekly,0.8
https://www.scnsoft.com/analytics/business-intelligence/configurator,2023-12-01,weekly,0.8
https://www.scnsoft.com/ar/services/software-testing/configurator,2023-12-06,weekly,0.8
https://www.scnsoft.com/financial-software-development/configurator,2023-12-05,weekly,0.8
https://www.scnsoft.com/financial-management/corporate-finance/development/configurator,2023-12-05,weekly,0.8
https://www.scnsoft.com/analytics/data-warehouse/pricing,2023-12-01,weekly,0.8
https://www.scnsoft.com/ar/services/software-testing/penetration/configurator,2023-12-07,weekly,0.8
https://www.scnsoft.com/ecommerce/how-to-build-service-marketplace,2023-11-29,weekly,0.8
https://www.scnsoft.com/blockchain/asset-tokenization/configurator,2023-12-04,monthly,0.8
https://www.scnsoft.com/investment/investment-platform,2023-12-13,weekly,0.8
https://www.scnsoft.com/about/how-we-start,2023-11-09,yearly,0.8
https://www.scnsoft.com/about/ux,2023-11-24,yearly,0.8
https://www.scnsoft.com/about/ui,2023-11-24,yearly,0.8
https://www.scnsoft.com/about/collaboration,2023-11-24,yearly,0.8
https://www.scnsoft.com/scm/srm/configurator,2023-12-06,weekly,0.8
https://www.scnsoft.com/services/security/penetration-testing/costs/configurator,2023-12-01,weekly,0.8
https://www.scnsoft.com/services/software-development/erp/configurator,2023-12-05,weekly,0.8
https://www.scnsoft.com/payment/app-development/configurator,2023-12-29,weekly,0.8
https://www.scnsoft.com/payment,2024-01-12,weekly,0.8
https://www.scnsoft.com/about/software-documentation,2024-01-12,yearly,0.8
https://www.scnsoft.com/ar/healthcare/software-development/configurator,2023-12-07,weekly,0.8
https://www.scnsoft.com/ar/services/crm/custom-solutions/configurator,2023-12-07,weekly,0.8
https://www.scnsoft.com/ar/financial-management/automated-billing-software/configurator,2023-12-06,weekly,0.8
https://www.scnsoft.com/ar/scm/configurator,2023-12-07,weekly,0.8
https://www.scnsoft.com/about/success-measurement,2024-01-12,yearly,0.8
https://www.scnsoft.com/ar/ecommerce/services/development/configurator,2023-12-07,weekly,0.8
https://www.scnsoft.com/services/analytics/configurator,2023-12-01,weekly,0.8
https://www.scnsoft.com/ar/services/big-data/consulting/configurator,2023-12-07,weekly,0.8
https://www.scnsoft.com/ar/software-development/blockchain/configurator,2023-12-07,monthly,0.8
https://www.scnsoft.com/ar/services/software-development/erp/configurator,2023-12-07,weekly,0.8
https://www.scnsoft.com/web-portal-development/configurator,2023-12-05,weekly,0.8
https://www.scnsoft.com/services/web-development/websites/configurator,2023-12-04,weekly,0.8
https://www.scnsoft.com/services/web-development/pricing,2023-11-11,weekly,0.8
https://www.scnsoft.com/about/reporting,2023-11-24,yearly,0.8
https://www.scnsoft.com/ar/web-development/configurator,2023-12-06,weekly,0.8
https://www.scnsoft.com/services/augmented-reality-development/configurator,2023-12-01,weekly,0.8
https://www.scnsoft.com/analytics/big-data/low-latency-applications,2023-11-30,weekly,0.8
https://www.scnsoft.com/about/scope,2023-11-30,yearly,0.8
https://www.scnsoft.com/insurance/digital-transformation,2024-01-12,weekly,0.8
https://www.scnsoft.com/software-development/kiosk/configurator,2023-12-05,weekly,0.8
https://www.scnsoft.com/elearning/configurator,2023-12-05,weekly,0.8
https://www.scnsoft.com/services/software-development/hr/configurator,2023-12-05,weekly,0.8
https://www.scnsoft.com/scm/vendor-management-system/configurator,2023-12-06,weekly,0.8
https://www.scnsoft.com/about/estimate,2024-01-12,yearly,0.8
https://www.scnsoft.com/ar/financial-software-development/configurator,2023-12-07,weekly,0.8
https://www.scnsoft.com/services/business-intelligence/data-warehouse/consulting/configurator,2023-12-01,weekly,0.8
https://www.scnsoft.com/ar/analytics/configurator,2023-12-07,weekly,0.8
https://www.scnsoft.com/ar/elearning/configurator,2023-12-07,weekly,0.8
https://www.scnsoft.com/scm/warehouse-management-system/configurator,2023-12-06,weekly,0.8
https://www.scnsoft.com/scm/configurator,2023-12-04,weekly,0.8
https://www.scnsoft.com/asset-management/configurator,2023-12-05,weekly,0.8
https://www.scnsoft.com/ar/scm/custom-inventory/configurator,2023-12-07,weekly,0.8
https://www.scnsoft.com/ar/healthcare/telemedicine/configurator,2023-12-07,weekly,0.8
https://www.scnsoft.com/ar/financial-management/corporate-finance/configurator,2023-12-07,weekly,0.8
https://www.scnsoft.com/analytics/real-time-data-processing,2023-11-30,weekly,0.8
https://www.scnsoft.com/ar/healthcare/mobile/configurator,2023-12-07,weekly,0.8
https://www.scnsoft.com/services/devops-consulting/configurator,2023-12-04,weekly,0.8
https://www.scnsoft.com/security/assessment/applications/configurator,2023-12-04,weekly,0.8
https://www.scnsoft.com/software-development/mvp/services,2024-01-15,weekly,0.8
https://www.scnsoft.com/analytics/big-data/hire-hadoop-developers,2024-01-12,weekly,0.8
https://www.scnsoft.com/analytics/big-data/kafka,2023-12-26,weekly,0.8
https://www.scnsoft.com/services/devops-outsourcing,2023-11-24,weekly,0.8
https://www.scnsoft.com/devops/services/managed,2023-11-24,weekly,0.8
https://www.scnsoft.com/about/risk-management,2023-11-30,yearly,0.8
https://www.scnsoft.com/about/knowledge-management,2023-11-30,yearly,0.8
https://www.scnsoft.com/services/data-science/configurator,2023-12-01,weekly,0.8
https://www.scnsoft.com/about/financial-software-compliance,2023-12-12,yearly,0.8
https://www.scnsoft.com/pricing/software-type,2024-01-11,monthly,0.8
https://www.scnsoft.com/analytics/big-data/oil-gas,2023-11-11,weekly,0.8
https://www.scnsoft.com/healthcare,2024-01-16,monthly,0.8
https://www.scnsoft.com/healthcare/services/consulting,2024-01-16,monthly,0.8
https://www.scnsoft.com/healthcare/services/custom-software-development,2024-01-12,monthly,0.8
https://www.scnsoft.com/healthcare/services/custom-software-development/configurator,2023-12-04,monthly,0.8
https://www.scnsoft.com/healthcare/saas,2024-01-12,monthly,0.8
https://www.scnsoft.com/healthcare/services/web-design-development,2024-01-12,monthly,0.8
https://www.scnsoft.com/healthcare/mobile,2024-01-12,monthly,0.8
https://www.scnsoft.com/healthcare/mobile/mental-health-apps,2024-01-12,weekly,0.8
https://www.scnsoft.com/healthcare/mobile/doctor-appointment-apps,2024-01-12,monthly,0.8
https://www.scnsoft.com/healthcare/mobile/fitness-apps,2024-01-12,weekly,0.8
https://www.scnsoft.com/healthcare/mobile/hospital-apps,2024-01-12,weekly,0.8
https://www.scnsoft.com/healthcare/mobile/patient-apps,2024-01-12,weekly,0.8
https://www.scnsoft.com/healthcare/mobile/configurator,2023-12-04,monthly,0.8
https://www.scnsoft.com/healthcare/mobile/patient-apps/demo,2023-11-03,weekly,0.8
https://www.scnsoft.com/healthcare/mobile/wellness-apps,2023-12-01,weekly,0.8
https://www.scnsoft.com/healthcare/mobile/patient-apps/rehabilitation,2024-01-12,weekly,0.8
https://www.scnsoft.com/healthcare/mobile/hospital-apps/demo,2023-11-03,weekly,0.8
https://www.scnsoft.com/healthcare/services/it-support,2023-12-27,monthly,0.8
https://www.scnsoft.com/healthcare/services/managed,2024-01-12,monthly,0.8
https://www.scnsoft.com/healthcare/hipaa-compliance,2024-01-12,monthly,0.8
https://www.scnsoft.com/healthcare/hipaa-compliance/clouds,2024-01-12,monthly,0.8
https://www.scnsoft.com/healthcare/hipaa-compliance/hosting-providers,2024-01-12,monthly,0.8
https://www.scnsoft.com/healthcare/services/data-analytics,2024-01-12,monthly,0.8
https://www.scnsoft.com/healthcare/analytics,2024-01-12,monthly,0.8
https://www.scnsoft.com/healthcare/data-warehouse,2024-01-12,monthly,0.8
https://www.scnsoft.com/healthcare/ehr/development-services,2024-01-12,weekly,0.8
https://www.scnsoft.com/healthcare/ehr/mental-health,2024-01-12,weekly,0.8
https://www.scnsoft.com/healthcare/ehr/implementation,2024-01-12,weekly,0.8
https://www.scnsoft.com/healthcare/ehr/development-services/configurator,2023-12-04,weekly,0.8
https://www.scnsoft.com/healthcare/ehr/artificial-intelligence,2024-01-12,weekly,0.8
https://www.scnsoft.com/healthcare/ehr/integration/services,2024-01-12,weekly,0.8
https://www.scnsoft.com/healthcare/blockchain-for-personal-health-records,2024-01-12,weekly,0.8
https://www.scnsoft.com/healthcare/ehr/integration,2024-01-12,weekly,0.8
https://www.scnsoft.com/healthcare/medical-devices,2024-01-12,weekly,0.8
https://www.scnsoft.com/healthcare/medical-devices/connected,2024-01-12,weekly,0.8
https://www.scnsoft.com/healthcare/medical-devices/wearable,2024-01-12,weekly,0.8
https://www.scnsoft.com/healthcare/medical-devices/remote-cardiac-monitoring,2024-01-12,weekly,0.8
https://www.scnsoft.com/healthcare/medical-devices/verification-and-validation,2024-01-12,weekly,0.8
https://www.scnsoft.com/healthcare/medical-devices/smart,2024-01-12,weekly,0.8
https://www.scnsoft.com/healthcare/medical-devices/samd,2024-01-12,weekly,0.8
https://www.scnsoft.com/healthcare/medical-devices/remote-patient-monitoring,2024-01-12,weekly,0.8
https://www.scnsoft.com/healthcare/home-health-software,2024-01-12,weekly,0.8
https://www.scnsoft.com/healthcare/crm,2024-01-12,weekly,0.8
https://www.scnsoft.com/healthcare/crm/demo,2023-11-03,weekly,0.8
https://www.scnsoft.com/healthcare/image-analysis-software,2023-12-27,weekly,0.8
https://www.scnsoft.com/healthcare/hospital-inventory-management-software,2024-01-12,weekly,0.8
https://www.scnsoft.com/healthcare/hr-software,2024-01-12,weekly,0.8
https://www.scnsoft.com/healthcare/telemedicine-apps,2024-01-12,weekly,0.8
https://www.scnsoft.com/healthcare/telemedicine/pediatric,2024-01-12,weekly,0.8
https://www.scnsoft.com/healthcare/telemedicine/ehr,2024-01-12,weekly,0.8
https://www.scnsoft.com/healthcare/telemedicine/physical-therapy,2024-01-12,weekly,0.8
https://www.scnsoft.com/healthcare/telemedicine/development,2024-01-12,weekly,0.8
https://www.scnsoft.com/healthcare/telemedicine/neurology,2024-01-12,weekly,0.8
https://www.scnsoft.com/healthcare/telemedicine/acute,2024-01-12,weekly,0.8
https://www.scnsoft.com/healthcare/telemedicine-apps/demo,2023-12-27,weekly,0.8
https://www.scnsoft.com/healthcare/telemedicine/primary-care,2024-01-12,weekly,0.8
https://www.scnsoft.com/healthcare/telemedicine/rural-areas,2024-01-12,weekly,0.8
https://www.scnsoft.com/healthcare/telemedicine/stroke,2024-01-12,weekly,0.8
https://www.scnsoft.com/healthcare/telemedicine/mental-health,2024-01-12,weekly,0.8
https://www.scnsoft.com/healthcare/telemedicine/nursing,2024-01-12,weekly,0.8
https://www.scnsoft.com/healthcare/virtual-hospital,2024-01-12,weekly,0.8
https://www.scnsoft.com/healthcare/telemedicine,2024-01-12,weekly,0.8
https://www.scnsoft.com/healthcare/telemedicine-apps/rpm-demo,2023-11-23,weekly,0.8
https://www.scnsoft.com/healthcare/telemedicine/development/configurator,2023-12-04,weekly,0.8
https://www.scnsoft.com/healthcare/digital-therapeutics-software,2024-01-12,weekly,0.8
https://www.scnsoft.com/healthcare/chronic-disease-management-software,2024-01-12,weekly,0.8
https://www.scnsoft.com/healthcare/patient-engagement-software,2024-01-12,weekly,0.8
https://www.scnsoft.com/healthcare/patient-portals,2024-01-12,weekly,0.8
https://www.scnsoft.com/healthcare/hospital-asset-tracking-software,2024-01-12,weekly,0.8
https://www.scnsoft.com/healthcare/iot,2024-01-12,weekly,0.8
https://www.scnsoft.com/healthcare/iot/rfid-in-hospitals,2024-01-12,weekly,0.8
https://www.scnsoft.com/healthcare/speech-recognition,2024-01-12,weekly,0.8
https://www.scnsoft.com/healthcare/chatbots,2024-01-16,weekly,0.8
https://www.scnsoft.com/healthcare/virtual-reality,2024-01-12,weekly,0.8
https://www.scnsoft.com/healthcare/virtual-reality/medical-education,2024-01-12,weekly,0.8
https://www.scnsoft.com/healthcare/virtual-reality/rehabilitation,2024-01-12,weekly,0.8
https://www.scnsoft.com/healthcare/virtual-reality/medical-training,2024-01-12,weekly,0.8
https://www.scnsoft.com/healthcare/virtual-reality/physical-therapy,2024-01-12,weekly,0.8
https://www.scnsoft.com/healthcare/virtual-reality/pain-management,2024-01-12,weekly,0.8
https://www.scnsoft.com/healthcare/virtual-reality/stroke-rehabilitation,2024-01-12,weekly,0.8
https://www.scnsoft.com/healthcare/virtual-reality/surgery,2024-01-12,weekly,0.8
https://www.scnsoft.com/healthcare/about/testimonials,2023-11-03,monthly,0.8
https://www.scnsoft.com/healthcare/search,2023-11-02,monthly,0.8
https://www.scnsoft.com/healthcare/spark-matrix-report-2022,2024-01-12,monthly,0.8
https://www.scnsoft.com/healthcare/arabhealth-2023,2024-01-12,monthly,0.8
https://www.scnsoft.com/healthcare/pricing,2024-01-08,monthly,0.8
https://www.scnsoft.com/ar/about/locations,2023-12-20,yearly,0.8
https://www.scnsoft.com/ar/about/partnerships,2023-12-21,yearly,0.8
https://www.scnsoft.com/ar/about/awards,2023-12-26,yearly,0.8
https://www.scnsoft.com/ar/about/management-team,2024-01-01,yearly,0.8
https://www.scnsoft.com/ar/services/security,2024-01-01,weekly,0.8
https://www.scnsoft.com/healthcare/hipaa-compliance/services/configurator,2023-12-08,monthly,0.8
https://www.scnsoft.com/services/data-management/configurator,2023-12-08,weekly,0.8
https://www.scnsoft.com/financial-services/it-services,2024-01-12,weekly,0.8
https://www.scnsoft.com/ar/insurance/software-development,2024-01-12,weekly,0.8
https://www.scnsoft.com/about/locations/ksa,2023-11-30,yearly,0.8
https://www.scnsoft.com/financial-services/it-services/configurator,2023-12-08,weekly,0.8
https://www.scnsoft.com/lending/artificial-intelligence,2024-01-12,weekly,0.8
https://www.scnsoft.com/services/sharepoint/document-management/configurator,2023-12-01,monthly,0.8
https://www.scnsoft.com/sharepoint/intranets/configurator,2023-12-01,monthly,0.8
https://www.scnsoft.com/services/sharepoint/configurator,2023-12-01,monthly,0.8
https://www.scnsoft.com/ar/pricing,2023-11-25,monthly,0.8
https://www.scnsoft.com/ar/pricing/software-type,2023-11-24,monthly,0.8
https://www.scnsoft.com/software-development/about/how-we-work,2024-01-12,yearly,0.8
https://www.scnsoft.com/ar/application/development/web/configurator,2023-12-07,weekly,0.8
https://www.scnsoft.com/services/sharepoint/solutions/configurator,2023-12-01,monthly,0.8
https://www.scnsoft.com/ar/services/security/configurator,2023-12-07,monthly,0.8
https://www.scnsoft.com/ar/pricing/software-support-and-maintenance-configurator,2023-12-07,monthly,0.8
https://www.scnsoft.com/ar/pricing/help-desk-configurator,2023-12-07,monthly,0.8
https://www.scnsoft.com/about/change-requests,2024-01-12,yearly,0.8
https://www.scnsoft.com/services/sharepoint/learning-management/configurator,2023-12-01,monthly,0.8
https://www.scnsoft.com/sharepoint/hr/configurator,2023-12-01,monthly,0.8
https://www.scnsoft.com/sharepoint/content-management/configurator,2023-12-01,monthly,0.8
https://www.scnsoft.com/ar/services/managed-it/configurator,2023-12-07,weekly,0.8
https://www.scnsoft.com/about/pricing-models,2024-01-15,yearly,0.8
https://www.scnsoft.com/ar/lending,2024-01-01,weekly,0.8
https://www.scnsoft.com/ar/investment,2024-01-19,weekly,0.8
https://www.scnsoft.com/ar/banking,2024-01-19,weekly,0.8
https://www.scnsoft.com/ar/software-development/golang,2024-01-15,monthly,0.8
https://www.scnsoft.com/ar/software-development/nodejs,2023-12-14,weekly,0.8
https://www.scnsoft.com/healthcare/mobile/doctor-on-demand-apps,2024-01-12,weekly,0.8
https://www.scnsoft.com/healthcare/software-testing/configurator,2023-12-04,monthly,0.8
https://www.scnsoft.com/microsoft-dynamics-365/customer-service/help-desk/configurator,2023-12-06,monthly,0.8
https://www.scnsoft.com/healthcare/patient-portals/configurator,2023-12-04,weekly,0.8
https://www.scnsoft.com/microsoft-dynamics-365/configurator,2023-12-22,monthly,0.8
https://www.scnsoft.com/healthcare/medical-devices/configurator,2023-12-05,weekly,0.8
https://www.scnsoft.com/pricing/platform-based-solutions,2023-12-06,monthly,0.8
https://www.scnsoft.com/lending/loan-servicing,2024-01-12,weekly,0.8
https://www.scnsoft.com/lending/loan-pricing,2024-01-03,weekly,0.8
https://www.scnsoft.com/software-development/dotnet/services/consulting,2024-01-04,weekly,0.8
https://www.scnsoft.com/services/crm/configurator,2023-12-12,weekly,0.8
https://www.scnsoft.com/blockchain/lending,2024-01-12,monthly,0.8
https://www.scnsoft.com/insurance/workers-compensation-insurance-software,2024-01-12,weekly,0.8
https://www.scnsoft.com/pricing/data-solutions,2023-12-15,monthly,0.8
https://www.scnsoft.com/ar/insurance/software-development/configurator,2023-12-18,weekly,0.8
https://www.scnsoft.com/services/itsm/configurator,2023-12-20,weekly,0.8
https://www.scnsoft.com/healthcare/business-intelligence,2024-01-15,monthly,0.8
https://www.scnsoft.com/financial-management/analytics,2024-01-08,weekly,0.8
https://www.scnsoft.com/services/security/penetration-testing/blockchain,2024-01-12,weekly,0.8
https://www.scnsoft.com/healthcare/ehr/how-to-create-emr-system,2024-01-12,weekly,0.8
https://www.scnsoft.com/software-development/dotnet/services/outsourcing,2024-01-04,weekly,0.8
https://www.scnsoft.com/healthcare/telemedicine/development/services,2024-01-12,weekly,0.8
https://www.scnsoft.com/financial-management/revenue-management-software/configurator,2023-12-27,weekly,0.8
https://www.scnsoft.com/financial-management/cash-management-software/configurator,2023-12-27,weekly,0.8
https://www.scnsoft.com/financial-management/cost-control-software/configurator,2023-12-27,weekly,0.8
https://www.scnsoft.com/financial-management/pricing/configurator,2023-12-27,weekly,0.8
https://www.scnsoft.com/scm/purchase-order-software/configurator,2023-12-27,weekly,0.8
https://www.scnsoft.com/it-support/enterprise-help-desk,2024-01-04,weekly,0.8
https://www.scnsoft.com/services/c-sharp-development,2024-01-05,weekly,0.8
https://www.scnsoft.com/about/company,2024-01-19,yearly,0.8
https://www.scnsoft.com/managed-it/about/how-we-work/automation,2024-01-15,yearly,0.8
https://www.scnsoft.com/ar/investment/configurator,2024-01-01,weekly,0.8
https://www.scnsoft.com/healthcare/artificial-intelligence-medical-diagnosis,2024-01-17,weekly,0.8
https://www.scnsoft.com/services/.net-development/configurator,2024-01-03,weekly,0.8
https://www.scnsoft.com/software-development/about/how-we-work/post-launch,2024-01-12,yearly,0.8
https://www.scnsoft.com/software-development/about/how-we-work/pricing-models,2024-01-15,yearly,0.8
https://www.scnsoft.com/services/crm/microsoft-dynamics/configurator,2024-01-12,weekly,0.8
https://www.scnsoft.com/software-development/mvp/services/configurator,2024-01-12,weekly,0.8
https://www.scnsoft.com/ar/services/cpp-development,2024-01-15,weekly,0.8
https://www.scnsoft.com/healthcare/about,2024-01-17,yearly,0.8
